episode,steps,X,Y,yaw,steer,throttle,action,reward,done,all_wheels_on_track,progress,closest_waypoint,track_len,tstamp,episode_status,pause_duration
40,1.0,3.199932435790611,0.6830736289043243,0.19824525234606816,13.176431887337131,1.9888343970601605,[13.176431887337131, 1.9888343970601605],0.0,False,True,0.7916781552665983,1,17.709159380834848,113.597,prepare,0.0
40,2.0,3.1997327938476237,0.6831032114197831,0.18326595495146542,30.0,1.4478463730988704,[30.0, 1.4478463730988704],1.0,False,True,0.7905513581379284,1,17.709159380834848,113.665,in_progress,0.0
40,3.0,3.2064845625205955,0.6845917136886787,0.4335858594367396,14.280428706660146,1.0,[14.280428706660146, 1.0],1.0,False,True,0.8287039044886426,1,17.709159380834848,113.732,in_progress,0.0
40,4.0,3.2251747288737125,0.68977593662454,1.6463377625017963,-27.766890902850268,3.0,[-27.766890902850268, 3.0],1.0,False,True,0.9342743686172698,1,17.709159380834848,113.798,in_progress,0.0
40,5.0,3.2568905505880235,0.6962774775019381,2.7528012175054517,30.0,1.0,[30.0, 1.0],1.0,False,True,1.1134231351600976,1,17.709159380834848,113.864,in_progress,0.0
40,6.0,3.2956308502742067,0.7007175046944334,3.196519891597521,-30.0,3.0,[-30.0, 3.0],1.0,False,True,1.3322198189568308,2,17.709159380834848,113.932,in_progress,0.0
40,7.0,3.3424381823338205,0.7115550914601075,4.705931741451294,30.0,2.0759108472278327,[30.0, 2.0759108472278327],1.0,False,True,1.5966246515020561,2,17.709159380834848,114.0,in_progress,0.0
40,8.0,3.3972117464562177,0.7135342798558338,4.014934385389056,-10.136176867436934,3.0,[-10.136176867436934, 3.0],1.0,False,True,1.9057190620002904,2,17.709159380834848,114.056,in_progress,0.0
40,9.0,3.4723365978667005,0.7172371706309103,3.5942255917041024,30.0,1.8774369330709086,[30.0, 1.8774369330709086],1.0,False,True,2.3299390160089892,3,17.709159380834848,114.133,in_progress,0.0
40,10.0,3.5424493467034956,0.7164969506257252,2.3430446161599354,-30.0,1.0,[-30.0, 1.0],1.0,False,True,2.725876836728604,3,17.709159380834848,114.199,in_progress,0.0
40,11.0,3.6282929390019416,0.7211428380086808,2.603858061783806,-1.7403084593399356,1.0,[-1.7403084593399356, 1.0],1.0,False,True,3.210628380877631,4,17.709159380834848,114.267,in_progress,0.0
40,12.0,3.7068923885023324,0.7175918815693281,1.0280592388193235,-0.40135271098004566,2.771257858966044,[-0.40135271098004566, 2.771257858966044],1.0,False,True,3.6544512080018063,4,17.709159380834848,114.332,in_progress,0.0
40,13.0,3.824866279760273,0.7149401534259006,0.04277978691723554,30.0,1.8679873510609215,[30.0, 1.8679873510609215],1.0,False,True,4.320615404189793,5,17.709159380834848,114.395,in_progress,0.0
40,14.0,3.881399921452085,0.716865787581391,0.15841517213732664,-30.0,1.6835222263130465,[-30.0, 1.6835222263130465],1.0,False,True,4.639853076024913,5,17.709159380834848,114.463,in_progress,0.0
40,15.0,3.9849822210887536,0.722143261379445,1.1813106924007157,-30.0,2.121599503917537,[-30.0, 2.121599503917537],1.0,False,True,5.224771374656543,6,17.709159380834848,114.536,in_progress,0.0
40,16.0,4.0924744290591555,0.7094409908398642,-2.032334623288409,-11.199395011224084,1.9212440086638685,[-11.199395011224084, 1.9212440086638685],1.0,False,True,5.8317329233195405,7,17.709159380834848,114.592,in_progress,0.0
40,17.0,4.19583537881974,0.6860050319470504,-6.251094445910273,14.970375218381868,2.539195001348044,[14.970375218381868, 2.539195001348044],1.0,False,True,6.415345127320342,8,17.709159380834848,114.671,in_progress,0.0
40,18.0,4.325687030319885,0.6615374991347225,-8.181526321292106,-1.9989332690496582,1.0,[-1.9989332690496582, 1.0],1.0,False,True,7.148541185615269,8,17.709159380834848,114.736,in_progress,0.0
40,19.0,4.447893691302596,0.6427969973520506,-8.355354064560313,30.0,3.0,[30.0, 3.0],1.0,False,True,7.8385800205796174,9,17.709159380834848,114.805,in_progress,0.0
40,20.0,4.562387226205776,0.6276963072130356,-7.69474285800885,30.0,3.0,[30.0, 3.0],1.0,False,True,8.48506744238637,10,17.709159380834848,114.868,in_progress,0.0
40,21.0,4.690270960246046,0.631147632237907,-3.346974329599446,22.32320406200627,2.2242034789588114,[22.32320406200627, 2.2242034789588114],1.0,False,True,9.207207839928838,11,17.709159380834848,114.93,in_progress,0.0
40,22.0,4.835254771190171,0.6543797755265293,3.8627837203679527,12.292113867407956,1.7516904731236789,[12.292113867407956, 1.7516904731236789],1.0,False,True,10.025947070743372,12,17.709159380834848,115.002,in_progress,0.0
40,23.0,4.975848060922287,0.6902401670218303,10.392361900023452,8.558813648284293,1.948170313221578,[8.558813648284293, 1.948170313221578],0.5,False,True,10.819926598697691,13,17.709159380834848,115.082,in_progress,0.0
40,24.0,5.114535511941264,0.7339295679420405,14.36967469039909,29.09182348174395,3.0,[29.09182348174395, 3.0],0.5,False,True,11.60315183501153,14,17.709159380834848,115.133,in_progress,0.0
40,25.0,5.225501112865143,0.7784272468801824,17.723668875517667,0.44554676258284687,1.0,[0.44554676258284687, 1.0],0.5,False,True,12.229813533931278,14,17.709159380834848,115.201,in_progress,0.0
40,26.0,5.35189972279105,0.8349389157196536,21.941729494119986,30.0,2.2441683715200873,[30.0, 2.2441683715200873],0.5,False,True,12.943781999325331,15,17.709159380834848,115.266,in_progress,0.0
40,27.0,5.471425859444897,0.8928686395742981,24.380457763643815,-25.823867945994014,2.115789142683874,[-25.823867945994014, 2.115789142683874],0.5,False,True,13.620066091928852,16,17.709159380834848,115.333,in_progress,0.0
40,28.0,5.602004444201095,0.9593160599230832,25.52858387285856,30.0,1.0,[30.0, 1.0],0.5,False,True,14.357965507420989,17,17.709159380834848,115.4,in_progress,0.0
40,29.0,5.704273331056411,1.0044997379282254,24.76774396914778,30.0,1.052653150305715,[30.0, 1.052653150305715],0.5,False,True,14.932596302103784,18,17.709159380834848,115.468,in_progress,0.0
40,30.0,5.795582334122193,1.0493231294349663,25.366907044772955,-30.0,2.433618069434675,[-30.0, 2.433618069434675],0.5,False,False,15.439258219755445,18,17.709159380834848,115.531,in_progress,0.0
40,31.0,5.922429898239889,1.107036388407766,24.3930400736836,-0.8504212011217902,2.630917772896934,[-0.8504212011217902, 2.630917772896934],0.5,False,False,16.145068889938035,19,17.709159380834848,115.6,in_progress,0.0
40,32.0,6.014575652190983,1.1409789885215162,22.853820110777338,14.287854753182494,1.0,[14.287854753182494, 1.0],0.5,False,False,16.663775347570475,20,17.709159380834848,115.666,in_progress,0.0
40,33.0,6.129793406409563,1.196421336097716,23.859895444717733,-30.0,2.8375042143573324,[-30.0, 2.8375042143573324],0.5,False,False,17.41013799352237,21,17.709159380834848,115.734,in_progress,0.0
40,34.0,6.2234078577364995,1.2428080124480692,24.870568900462445,28.53945293173725,3.0,[28.53945293173725, 3.0],0.5,True,False,18.12400689588655,21,17.709159380834848,115.806,off_track,0.0
41,1.0,4.085345576651215,0.6838225027522088,0.07687599313667705,18.637294428961553,1.0,[18.637294428961553, 1.0],0.0,False,True,0.7914274912068829,7,17.709159380834848,115.933,prepare,0.0
41,2.0,4.085190493550231,0.683613237488097,0.01993050474265615,-24.318705942543758,2.5631911836161265,[-24.318705942543758, 2.5631911836161265],1.0,False,True,0.7905513581378705,7,17.709159380834848,115.998,in_progress,0.0
41,3.0,4.093648984969729,0.6844892278948941,0.323883600917504,30.0,2.2185042819388907,[30.0, 2.2185042819388907],1.0,False,True,0.8383164445148521,7,17.709159380834848,116.069,in_progress,0.0
41,4.0,4.114632190227166,0.6989120879242897,3.7445509558561674,-30.0,3.0,[-30.0, 3.0],1.0,False,True,0.9568331436837372,7,17.709159380834848,116.136,in_progress,0.0
41,5.0,4.145176208770858,0.7144746559643356,6.997477072481987,-2.9929683352501932,3.0,[-2.9929683352501932, 3.0],1.0,False,True,1.129340041652291,7,17.709159380834848,116.198,in_progress,0.0
41,6.0,4.192017304710819,0.7224148319339305,7.485774030656705,24.860083122746595,2.575875950801531,[24.860083122746595, 2.575875950801531],1.0,False,True,1.3938579707189453,8,17.709159380834848,116.263,in_progress,0.0
41,7.0,4.259888708931328,0.7423442064072958,9.986099620093164,25.801916797785786,3.0,[25.801916797785786, 3.0],1.0,False,True,1.7771556324285898,8,17.709159380834848,116.333,in_progress,0.0
41,8.0,4.314982585891291,0.7734143904202964,14.778610483367313,2.7720495858502545,2.0045918382407146,[2.7720495858502545, 2.0045918382407146],0.5,False,True,2.0883225538117776,8,17.709159380834848,116.397,in_progress,0.0
41,9.0,4.384212900671168,0.8145403490532938,19.63812383497543,-22.432491137094445,3.0,[-22.432491137094445, 3.0],0.5,False,True,2.4793354610918277,9,17.709159380834848,116.467,in_progress,0.0
41,10.0,4.4796731044870315,0.8562383176636079,21.013020168410925,-30.0,1.8937567787764895,[-30.0, 1.8937567787764895],0.5,False,True,3.018460460973449,9,17.709159380834848,116.534,in_progress,0.0
41,11.0,4.592414502373557,0.8825933992813173,17.682882471358575,-30.0,1.3996482540031066,[-30.0, 1.3996482540031066],0.5,False,True,3.6551543574605287,10,17.709159380834848,116.602,in_progress,0.0
41,12.0,4.691573436551397,0.8967429115066289,14.136069999633008,18.420788504846584,1.7709657769229583,[18.420788504846584, 1.7709657769229583],0.5,False,True,4.215113901972334,11,17.709159380834848,116.668,in_progress,0.0
41,13.0,4.788399545645244,0.9096595368789437,11.66775330775544,30.0,1.3807815997374726,[30.0, 1.3807815997374726],0.5,False,True,4.7619197230802035,12,17.709159380834848,116.737,in_progress,0.0
41,14.0,4.894292986638666,0.9389371317815769,13.224206277359109,-21.27040820862223,1.913320758850427,[-21.27040820862223, 1.913320758850427],0.5,False,True,5.359947891208522,12,17.709159380834848,116.802,in_progress,0.0
41,15.0,4.997392486412146,0.9662993001367053,13.725734155840144,30.0,1.0,[30.0, 1.0],0.5,False,True,5.942189710411204,13,17.709159380834848,116.866,in_progress,0.0
41,16.0,5.09492519525285,0.988424039170926,13.394549523915094,30.0,2.0818760059933585,[30.0, 2.0818760059933585],0.5,False,True,6.492922720294468,14,17.709159380834848,116.93,in_progress,0.0
41,17.0,5.182933047451568,1.0183257969421298,15.29057196929929,0.7370260143431118,2.1416604524293197,[0.7370260143431118, 2.1416604524293197],0.5,False,False,6.989849469782174,14,17.709159380834848,116.997,in_progress,0.0
41,18.0,5.288386120898575,1.0542618881488728,16.566016581201698,-30.0,1.9004996398153922,[-30.0, 1.9004996398153922],0.5,False,False,7.585382653493626,15,17.709159380834848,117.064,in_progress,0.0
41,19.0,5.394622521920271,1.076922611927032,14.700135884805123,-30.0,1.5370705128657536,[-30.0, 1.5370705128657536],0.5,False,False,8.185642073343184,16,17.709159380834848,117.134,in_progress,0.0
41,20.0,5.52014925855277,1.0900082522097425,10.755335557005242,-2.8491319036165237,1.5495766894053147,[-2.8491319036165237, 1.5495766894053147],0.5,False,False,8.896827601854378,16,17.709159380834848,117.2,in_progress,0.0
41,21.0,5.670373111753722,1.0959585576841453,6.421869466594439,7.939020144960779,2.009669572126406,[7.939020144960779, 2.009669572126406],1.0,False,False,9.741001308767354,17,17.709159380834848,117.269,in_progress,0.0
41,22.0,5.740968913807334,1.0987469983428546,5.2479069088624755,-14.363760189144044,2.631800499177178,[-14.363760189144044, 2.631800499177178],1.0,False,False,10.139636235413528,18,17.709159380834848,117.312,in_progress,0.0
41,23.0,5.897749660810674,1.1007076215023108,2.5733926617578815,24.97466664049388,1.3514527333260218,[24.97466664049388, 1.3514527333260218],1.0,False,False,11.0148292566822,19,17.709159380834848,117.401,in_progress,0.0
41,24.0,5.984769801331553,1.0969646366527894,0.42481268247418075,8.759078088690778,2.05301823054862,[8.759078088690778, 2.05301823054862],1.0,False,False,11.49755306916347,20,17.709159380834848,117.464,in_progress,0.0
41,25.0,6.1067058106739935,1.0979739336870873,0.1366726916699976,30.0,1.6690745006818906,[30.0, 1.6690745006818906],1.0,False,False,12.265594569377201,20,17.709159380834848,117.533,in_progress,0.0
41,26.0,6.237420733876355,1.108374767747122,2.1497669090748506,-22.041693687597757,2.076856921119459,[-22.041693687597757, 2.076856921119459],1.0,False,False,13.140212937429313,21,17.709159380834848,117.599,in_progress,0.0
41,27.0,6.362251222828851,1.1149238633049767,2.508546612001312,21.571489152861098,2.1888441880078506,[21.571489152861098, 2.1888441880078506],1.0,False,False,13.969850720729,22,17.709159380834848,117.666,in_progress,0.0
41,28.0,6.483478830426669,1.116901111031527,1.9103028837254707,9.011256201005708,2.418992650335393,[9.011256201005708, 2.418992650335393],0.5,False,False,15.093837788175545,24,17.709159380834848,117.737,in_progress,0.0
41,29.0,6.643058141777165,1.135520881843903,4.5129489192583945,-9.915601149092645,1.7004693875081345,[-9.915601149092645, 1.7004693875081345],0.5,False,False,16.472111423857683,25,17.709159380834848,117.796,in_progress,0.0
41,30.0,6.757869725591405,1.152875949393547,6.2831303953206845,30.0,2.8935181112025794,[30.0, 2.8935181112025794],0.5,False,False,17.250565882133962,26,17.709159380834848,117.863,in_progress,0.0
41,31.0,6.8899907302058665,1.1777646017412133,8.828333211283748,-29.759174530048952,2.0102995833031314,[-29.759174530048952, 2.0102995833031314],0.5,False,False,18.118193875480554,27,17.709159380834848,117.933,in_progress,0.0
41,32.0,7.030008064014702,1.2106938300814416,11.226640966704212,-12.666476874560281,2.544534896467095,[-12.666476874560281, 2.544534896467095],0.5,False,True,18.810511018148844,28,17.709159380834848,118.0,in_progress,0.0
41,33.0,7.173684798183414,1.2268481851961353,8.726302149507749,-12.415733415978934,1.8767252991063104,[-12.415733415978934, 1.8767252991063104],0.5,False,True,19.284178928634095,29,17.709159380834848,118.066,in_progress,0.0
41,34.0,7.319951023987554,1.229923612001662,4.88213949807546,-19.84832261081774,1.7709469096883612,[-19.84832261081774, 1.7709469096883612],0.5,False,True,19.601043617749404,29,17.709159380834848,118.126,in_progress,0.0
41,35.0,7.4539330252138205,1.223113751118007,1.1456000308424097,-4.169885238338473,1.6035925282466055,[-4.169885238338473, 1.6035925282466055],0.5,False,True,19.854654406824647,29,17.709159380834848,118.199,in_progress,0.0
41,36.0,7.581364850217007,1.2169042941722108,-0.6330564838926007,-30.0,2.0113804155164843,[-30.0, 2.0113804155164843],0.5,False,True,20.097262298057718,30,17.709159380834848,118.268,in_progress,0.0
41,37.0,7.711050740742444,1.203798301400348,-3.130102142951384,16.33932845711736,1.3240892600262584,[16.33932845711736, 1.3240892600262584],0.5,False,False,20.308747615116037,30,17.709159380834848,118.332,in_progress,0.0
41,38.0,7.828333121955883,1.1868941638790347,-5.4173192062745965,12.746363072111734,1.0017872238663617,[12.746363072111734, 1.0017872238663617],0.5,True,False,20.385136146703452,30,17.709159380834848,118.4,off_track,0.0
42,1.0,4.970735246614636,0.6841313424790745,0.051542909810121704,4.704505603369171,1.0,[4.704505603369171, 1.0],0.0,False,True,0.7910421710154519,13,17.709159380834848,118.537,prepare,0.0
42,2.0,4.970824642117896,0.6840710357947549,0.0641994100465079,-4.783671720976717,2.0369853368849244,[-4.783671720976717, 2.0369853368849244],1.0,False,True,0.7915468366766265,13,17.709159380834848,118.599,in_progress,0.0
42,3.0,4.979295564892976,0.6845516890878622,0.10855316490336028,-26.055607815003153,1.0,[-26.055607815003153, 1.0],1.0,False,True,0.8393814563459417,13,17.709159380834848,118.665,in_progress,0.0
42,4.0,5.0012298857305435,0.6808925000635533,-0.802830654958059,24.374834878183925,3.0,[24.374834878183925, 3.0],1.0,False,True,0.9632320346472351,13,17.709159380834848,118.734,in_progress,0.0
42,5.0,5.037446172990862,0.6832889766766159,0.11374276932694828,-30.0,2.300148436271866,[-30.0, 2.300148436271866],1.0,False,True,1.1677433852251395,13,17.709159380834848,118.8,in_progress,0.0
42,6.0,5.083593540262687,0.6909622289083833,1.9294758769857083,12.210634210106917,1.952516790819211,[12.210634210106917, 1.952516790819211],1.0,False,True,1.428343377165886,14,17.709159380834848,118.869,in_progress,0.0
42,7.0,5.140766038859829,0.6980377805169729,3.1649625890288893,-30.0,3.0,[-30.0, 3.0],1.0,False,True,1.7511988371188085,14,17.709159380834848,118.931,in_progress,0.0
42,8.0,5.205870960271086,0.7073735452941412,4.150887450640393,27.338726188217436,1.2158618627139015,[27.338726188217436, 1.2158618627139015],1.0,False,True,2.1188449206199307,14,17.709159380834848,118.995,in_progress,0.0
42,9.0,5.279872919504568,0.7165976542890726,4.8428209757741865,-11.790566096066076,2.495896855080758,[-11.790566096066076, 2.495896855080758],1.0,False,True,2.5367345548875706,15,17.709159380834848,119.067,in_progress,0.0
42,10.0,5.3589284267901665,0.7328070057794974,6.7931448686773175,-29.753812403148398,2.0074203450776116,[-29.753812403148398, 2.0074203450776116],1.0,False,True,2.983212844319211,15,17.709159380834848,119.13,in_progress,0.0
42,11.0,5.4549685994212656,0.7332356529914221,4.430095173370329,-30.0,1.6289281905428425,[-30.0, 1.6289281905428425],1.0,False,True,3.525533082409707,16,17.709159380834848,119.198,in_progress,0.0
42,12.0,5.56499220573586,0.7160820127741684,-1.001027953642787,8.752736169457314,1.0,[8.752736169457314, 1.0],1.0,False,True,4.146953161704897,17,17.709159380834848,119.267,in_progress,0.0
42,13.0,5.654746307671963,0.6975659171455535,-4.832950380798591,30.0,3.0,[30.0, 3.0],1.0,False,True,4.653489140530542,17,17.709159380834848,119.336,in_progress,0.0
42,14.0,5.756304550684332,0.6900143148410214,-4.574657490976642,-11.790510964664172,2.67805726335649,[-11.790510964664172, 2.67805726335649],1.0,False,True,5.226842564961817,18,17.709159380834848,119.399,in_progress,0.0
42,15.0,5.862213059233371,0.6864053451549399,-3.588788126556227,-12.174934147822071,1.0,[-12.174934147822071, 1.0],1.0,False,True,5.824974030706959,19,17.709159380834848,119.463,in_progress,0.0
42,16.0,5.9826803855425625,0.664902943301886,-6.584982721571374,-10.500921954532803,2.8138490984621396,[-10.500921954532803, 2.8138490984621396],1.0,False,True,6.506166898955384,20,17.709159380834848,119.53,in_progress,0.0
42,17.0,6.075221882336157,0.6395166599556129,-9.860237610562832,-30.0,1.8908424667775918,[-30.0, 1.8908424667775918],0.5,False,True,7.021671340872368,20,17.709159380834848,119.597,in_progress,0.0
42,18.0,6.183979012177891,0.5947658301578491,-15.307810546420292,12.716391062977308,2.340438982987062,[12.716391062977308, 2.340438982987062],0.5,False,True,7.6291380808595655,21,17.709159380834848,119.669,in_progress,0.0
42,19.0,6.3202294328828685,0.5409456136361915,-18.247309762878004,4.157881957102212,3.0,[4.157881957102212, 3.0],0.5,False,True,8.341774301896612,22,17.709159380834848,119.732,in_progress,0.0
42,20.0,6.436972449525014,0.5084243500263589,-17.115463457881255,-30.0,1.0,[-30.0, 1.0],0.5,False,True,8.924102825647044,22,17.709159380834848,119.804,in_progress,0.0
42,21.0,6.558234449954769,0.47439737825171996,-15.541469163350497,1.226779927000912,3.0,[1.226779927000912, 3.0],0.5,False,True,9.451677887143962,23,17.709159380834848,119.859,in_progress,0.0
42,22.0,6.687658139585446,0.43787415941443897,-15.270773492566976,30.0,2.0195514023963517,[30.0, 2.0195514023963517],0.5,False,True,9.913534238481555,24,17.709159380834848,119.935,in_progress,0.0
42,23.0,6.8168142808690035,0.4146077661379664,-12.917928496986795,30.0,2.165720765839779,[30.0, 2.165720765839779],0.5,False,False,10.296722032172454,24,17.709159380834848,120.004,in_progress,0.0
42,24.0,6.965245177430374,0.40793547242015615,-7.474377240234036,30.0,2.3305098805046485,[30.0, 2.3305098805046485],0.5,False,False,10.893985347564172,25,17.709159380834848,120.063,in_progress,0.0
42,25.0,7.107897778791928,0.42030560008712686,-0.7006392362675449,3.3808778414161296,2.947589552770799,[3.3808778414161296, 2.947589552770799],0.5,False,False,11.346970333760414,25,17.709159380834848,120.135,in_progress,0.0
42,26.0,7.25949932010315,0.44613994039660765,5.264927793834128,30.0,3.0,[30.0, 3.0],0.5,True,False,11.990967241130749,26,17.709159380834848,120.197,off_track,0.0
43,1.0,5.856219374303652,0.6841743398586835,-0.041938838456910724,-26.774842169166554,3.0,[-26.774842169166554, 3.0],0.0,False,True,0.7911874939618507,19,17.709159380834848,120.352,prepare,0.0
43,2.0,5.856106164210966,0.6842554637200186,-0.018571698924776513,-30.0,3.0,[-30.0, 3.0],1.0,False,True,0.7905461097582528,19,17.709159380834848,120.398,in_progress,0.0
43,3.0,5.863512657276778,0.6832429510850239,-0.20696217252271026,11.437282845764187,2.9544594258216907,[11.437282845764187, 2.9544594258216907],1.0,False,True,0.8323950342085162,19,17.709159380834848,120.466,in_progress,0.0
43,4.0,5.887632066475238,0.6849218108199253,0.4416155022914362,29.03956809066645,1.3736324160645497,[29.03956809066645, 1.3736324160645497],1.0,False,True,0.9685471422371306,19,17.709159380834848,120.537,in_progress,0.0
43,5.0,5.918157055782981,0.6979681237235679,3.528081988836541,18.44950227507836,2.9296761759029937,[18.44950227507836, 2.9296761759029937],1.0,False,True,1.140267507406112,19,17.709159380834848,120.595,in_progress,0.0
43,6.0,5.958904849885544,0.7230394683324447,8.773630971866233,30.0,2.2210590925732787,[30.0, 2.2210590925732787],1.0,False,True,1.3691694640995733,19,17.709159380834848,120.668,in_progress,0.0
43,7.0,6.005637549832799,0.7620604683897606,16.05003794547447,-30.0,2.0497293109880363,[-30.0, 2.0497293109880363],0.5,False,True,1.6312067523499092,20,17.709159380834848,120.731,in_progress,0.0
43,8.0,6.061857929623657,0.8061213279047716,22.082600711180984,2.618024203765806,1.737181083665773,[2.618024203765806, 1.737181083665773],0.5,False,True,1.9702890711004617,20,17.709159380834848,120.808,in_progress,0.0
43,9.0,6.136985757063573,0.8477032123633615,24.309569529209554,-13.16170995776887,3.0,[-13.16170995776887, 3.0],0.5,False,True,2.4003859612084204,21,17.709159380834848,120.865,in_progress,0.0
43,10.0,6.220055956169916,0.8900789425524301,25.121748492433024,-2.791294686420013,3.0,[-2.791294686420013, 3.0],0.5,False,True,2.9407565921585554,21,17.709159380834848,120.935,in_progress,0.0
43,11.0,6.328589752496394,0.9350108846256777,23.9938001768396,30.0,1.0,[30.0, 1.0],0.5,False,True,3.643941036765991,22,17.709159380834848,121.0,in_progress,0.0
43,12.0,6.426830504124823,0.9798413186936147,23.94719743194688,28.375728003326934,2.8586865372268844,[28.375728003326934, 2.8586865372268844],0.5,False,True,4.227858313622909,23,17.709159380834848,121.065,in_progress,0.0
43,13.0,6.540184607566459,1.0400127237004613,25.864359868777345,-8.71383062672604,1.4667718748638832,[-8.71383062672604, 1.4667718748638832],1.0,False,True,5.531551750468103,24,17.709159380834848,121.133,in_progress,0.0
43,14.0,6.627686204378247,1.092385132554661,28.091717866582815,-5.449696265603585,1.0902326087127108,[-5.449696265603585, 1.0902326087127108],1.0,False,True,6.262585075033683,25,17.709159380834848,121.199,in_progress,0.0
43,15.0,6.734765965942284,1.142414014169888,26.740095181011892,-30.0,1.9175481026096408,[-30.0, 1.9175481026096408],0.5,False,True,7.1138860569839455,26,17.709159380834848,121.274,in_progress,0.0
43,16.0,6.834127270728577,1.1796302899991231,24.23823252308283,6.395673755401333,2.2657287688179935,[6.395673755401333, 2.2657287688179935],0.5,False,True,7.672464339174395,27,17.709159380834848,121.334,in_progress,0.0
43,17.0,6.9370506843290345,1.2115344808284025,21.590004497958578,-28.481989942175254,2.961175679502513,[-28.481989942175254, 2.961175679502513],0.5,False,True,8.429911514105523,28,17.709159380834848,121.399,in_progress,0.0
43,18.0,7.0657740812186915,1.251083135297012,19.17631950575252,30.0,2.358493053168302,[30.0, 2.358493053168302],0.5,False,True,9.107954217271091,29,17.709159380834848,121.468,in_progress,0.0
43,19.0,7.171783676155746,1.2821622280397236,18.041803846008083,30.0,2.5837357575617617,[30.0, 2.5837357575617617],0.5,False,True,9.553872923137218,29,17.709159380834848,121.535,in_progress,0.0
43,20.0,7.2965306815525075,1.3387809200198348,21.132724250406334,-8.784696304063282,1.4525700792825695,[-8.784696304063282, 1.4525700792825695],0.5,False,True,10.11853249980293,30,17.709159380834848,121.602,in_progress,0.0
43,21.0,7.41947215646322,1.4012910383592172,24.227286526302596,-18.443201879601276,1.5425593832030828,[-18.443201879601276, 1.5425593832030828],0.5,False,True,10.588679537808371,30,17.709159380834848,121.67,in_progress,0.0
43,22.0,7.536121257918583,1.447148141367857,23.04267850681416,-22.86865124154028,1.387943491126967,[-22.86865124154028, 1.387943491126967],0.5,False,True,11.016855955319716,31,17.709159380834848,121.732,in_progress,0.0
43,23.0,7.647474762546185,1.4803854639313936,20.336446707850406,-30.0,2.657978168728476,[-30.0, 2.657978168728476],0.5,False,False,11.257421204346906,31,17.709159380834848,121.799,in_progress,0.0
43,24.0,7.751346198130101,1.501475423879677,16.835215561451975,22.20736658481917,1.6734601419731252,[22.20736658481917, 1.6734601419731252],0.5,False,False,11.257421204346906,31,17.709159380834848,121.867,in_progress,0.0
43,25.0,7.872822425758299,1.5242784708631063,13.567734670212555,22.40257295824302,3.0,[22.40257295824302, 3.0],0.5,False,False,11.278160044975206,31,17.709159380834848,121.934,in_progress,0.0
43,26.0,7.99862603473861,1.5699669646020296,16.683049829042062,30.0,2.4061112184755755,[30.0, 2.4061112184755755],0.5,True,False,11.588836176418294,31,17.709159380834848,121.999,off_track,0.0
44,1.0,6.726488470479667,0.7972468305980671,19.291001389520073,-1.5201413605579006,3.0,[-1.5201413605579006, 3.0],0.0,False,True,0.7844888358203517,25,17.709159380834848,122.136,prepare,0.0
44,2.0,6.726269746928077,0.7972396038639442,19.316718374208563,-20.387436885225735,1.7763566054178683,[-20.387436885225735, 1.7763566054178683],1.0,False,True,0.7833896711744864,25,17.709159380834848,122.196,in_progress,0.0
44,3.0,6.739618148719604,0.8023554219488779,19.40877963991503,30.0,2.4501028376166705,[30.0, 2.4501028376166705],1.0,False,True,0.8633028002172888,25,17.709159380834848,122.27,in_progress,0.0
44,4.0,6.758698607066843,0.8102600284508598,19.814199015230102,29.45537536392216,1.6520613263807649,[29.45537536392216, 1.6520613263807649],1.0,False,True,0.9791571102464397,25,17.709159380834848,122.333,in_progress,0.0
44,5.0,6.7802498312536414,0.8357756628519836,23.76518231592351,16.43132263746387,1.0,[16.43132263746387, 1.0],0.5,False,True,1.151544382764444,25,17.709159380834848,122.394,in_progress,0.0
44,6.0,6.810767667495708,0.8734513754466691,28.93253829076691,-15.291098942401524,1.1684285936254408,[-15.291098942401524, 1.1684285936254408],1.0,False,True,1.4140788966246431,25,17.709159380834848,122.469,in_progress,0.0
44,7.0,6.8523274718366745,0.9123994864828812,32.135390304292244,13.376466766524238,1.0,[13.376466766524238, 1.0],1.0,False,True,1.7320637034666326,26,17.709159380834848,122.526,in_progress,0.0
44,8.0,6.899509077579388,0.9604134013057541,35.71075541075497,-30.0,1.7544649661625975,[-30.0, 1.7544649661625975],1.0,False,True,2.123893580617067,26,17.709159380834848,122.6,in_progress,0.0
44,9.0,6.944662924284812,1.0041749755755174,37.67180099479531,25.51186437791705,1.0,[25.51186437791705, 1.0],1.0,False,True,2.4786637070518287,27,17.709159380834848,122.669,in_progress,0.0
44,10.0,7.004193049750903,1.0534745783035964,38.21637349431946,-30.0,2.642540645025671,[-30.0, 2.642540645025671],0.5,False,True,2.941003343663656,27,17.709159380834848,122.734,in_progress,0.0
44,11.0,7.059301238367509,1.1001738488654516,38.29813214988942,30.0,1.769054997406642,[30.0, 1.769054997406642],0.5,False,True,3.33841741124796,28,17.709159380834848,122.794,in_progress,0.0
44,12.0,7.134634356854173,1.1541291433460137,37.35413725236365,13.343908644795718,2.9756919248062164,[13.343908644795718, 2.9756919248062164],0.5,False,True,3.818134253827654,28,17.709159380834848,122.867,in_progress,0.0
44,13.0,7.200923842396453,1.2166846930019521,39.445802082030866,-1.972155552312266,2.966503057407431,[-1.972155552312266, 2.966503057407431],0.5,False,True,4.308688479061387,29,17.709159380834848,122.935,in_progress,0.0
44,14.0,7.280616252859199,1.2949976353708397,41.38130297625205,30.0,2.164179592914934,[30.0, 2.164179592914934],0.5,False,True,4.855720590910781,29,17.709159380834848,122.999,in_progress,0.0
44,15.0,7.359189476055814,1.381335652536838,44.138484408685464,-30.0,3.0,[-30.0, 3.0],0.5,False,True,5.3877442674599045,30,17.709159380834848,123.068,in_progress,0.0
44,16.0,7.44726755307953,1.4813589304601549,46.34507247882663,-19.129822536987422,1.8591030837601012,[-19.129822536987422, 1.8591030837601012],0.5,False,True,6.066443315870024,31,17.709159380834848,123.13,in_progress,0.0
44,17.0,7.538731327484127,1.5596857527803014,43.81680372261879,16.296444320553938,3.0,[16.296444320553938, 3.0],0.5,False,True,6.335685633343519,31,17.709159380834848,123.198,in_progress,0.0
44,18.0,7.636373545741586,1.6474742801516356,43.15106267541332,-30.0,2.9042603759653582,[-30.0, 2.9042603759653582],0.5,False,True,6.871462537931617,32,17.709159380834848,123.258,in_progress,0.0
44,19.0,7.745538942269857,1.7497810748997342,42.829794420403054,-7.137026328627691,2.7727681542571263,[-7.137026328627691, 2.7727681542571263],0.5,False,False,7.103484010259425,32,17.709159380834848,123.334,in_progress,0.0
44,20.0,7.86963213698866,1.8453111084399958,40.034492435006456,-9.712188641861154,1.211744199046913,[-9.712188641861154, 1.211744199046913],0.5,False,False,7.435366312910863,32,17.709159380834848,123.398,in_progress,0.0
44,21.0,8.003260721236611,1.9276674979855033,35.326201958357416,-11.129289427430379,1.953173645604194,[-11.129289427430379, 1.953173645604194],0.5,True,False,7.80649264685635,33,17.709159380834848,123.468,off_track,0.0
45,1.0,7.257964358165608,1.4837430766349022,67.52058811771096,-19.269504503547346,1.1042461286441765,[-19.269504503547346, 1.1042461286441765],0.0,False,True,0.7889555847258256,30,17.709159380834848,123.599,prepare,0.0
45,2.0,7.257884002906053,1.483549489981363,67.53121412213503,12.705072051291857,2.491428830524286,[12.705072051291857, 2.491428830524286],1.0,False,True,0.7877802774377496,30,17.709159380834848,123.664,in_progress,0.0
45,3.0,7.263704856791644,1.4895432897333223,66.73832599775918,30.0,1.0,[30.0, 1.0],1.0,False,True,0.8292835695155543,31,17.709159380834848,123.732,in_progress,0.0
45,4.0,7.264119591607176,1.5150996725532182,69.05510551216918,-1.4074461520641037,2.3938981140113524,[-1.4074461520641037, 2.3938981140113524],1.0,False,True,0.9688025102863596,31,17.709159380834848,123.796,in_progress,0.0
45,5.0,7.265773398869591,1.5485470057774464,71.5050994229912,-12.293970492128206,1.0,[-12.293970492128206, 1.0],1.0,False,True,1.1531048113948617,31,17.709159380834848,123.866,in_progress,0.0
45,6.0,7.284345651596956,1.5941764836445456,70.84825258664138,19.677507535281364,2.6217363200343726,[19.677507535281364, 2.6217363200343726],0.5,False,True,1.4218910839456589,31,17.709159380834848,123.933,in_progress,0.0
45,7.0,7.313268464193612,1.6539830471421137,69.21762923347829,0.3727833921167303,1.0,[0.3727833921167303, 1.0],0.5,False,True,1.7709304100898327,32,17.709159380834848,124.0,in_progress,0.0
45,8.0,7.333547629578441,1.7083313543855667,69.25382832687022,-26.459509860790465,1.778164785445836,[-26.459509860790465, 1.778164785445836],0.5,False,True,2.085565463994582,32,17.709159380834848,124.065,in_progress,0.0
45,9.0,7.364892106276973,1.7702246001073056,67.42483953927515,-6.336921647793286,2.236205471227029,[-6.336921647793286, 2.236205471227029],0.5,False,True,2.356501962205831,32,17.709159380834848,124.133,in_progress,0.0
45,10.0,7.412163876944835,1.8482198606607625,64.46348482574643,-14.573530270586817,2.450452511389916,[-14.573530270586817, 2.450452511389916],0.5,False,True,2.7617050627161466,33,17.709159380834848,124.189,in_progress,0.0
45,11.0,7.467367337482243,1.9294604696781201,61.23963030732664,-30.0,2.1770557282078236,[-30.0, 2.1770557282078236],0.5,False,True,3.0701716229048714,33,17.709159380834848,124.275,in_progress,0.0
45,12.0,7.5428220000601485,2.01377958178218,55.78723300516977,30.0,2.8134388453763015,[30.0, 2.8134388453763015],0.5,False,True,3.4455572010174684,34,17.709159380834848,124.336,in_progress,0.0
45,13.0,7.632031846443292,2.113495587839058,51.96374319291524,-8.23802546873809,2.8717137153156207,[-8.23802546873809, 2.8717137153156207],0.5,False,False,3.797139282354128,34,17.709159380834848,124.406,in_progress,0.0
45,14.0,7.711815146983384,2.220987632287383,52.430816222068835,-24.24004530456093,2.7488422790942115,[-24.24004530456093, 2.7488422790942115],0.5,False,False,4.03794358329162,34,17.709159380834848,124.471,in_progress,0.0
45,15.0,7.811710778954623,2.3293308480106267,49.72317093187853,30.0,1.4629835252982408,[30.0, 1.4629835252982408],0.5,True,False,4.431932347072803,35,17.709159380834848,124.534,off_track,0.0
46,1.0,7.090097016169768,2.3321489049849395,117.9312204217828,-13.683111857594096,3.0,[-13.683111857594096, 3.0],0.0,False,True,0.7877044517292653,36,17.709159380834848,124.67,prepare,0.0
46,2.0,7.090189558990951,2.3320076142132136,117.93516785692174,30.0,2.699247500634187,[30.0, 2.699247500634187],1.0,False,True,0.786753080203495,36,17.709159380834848,124.733,in_progress,0.0
46,3.0,7.0867512455590695,2.335625581044036,118.15612105343637,-10.600046627941424,1.0,[-10.600046627941424, 1.0],1.0,False,True,0.8147682886987362,36,17.709159380834848,124.801,in_progress,0.0
46,4.0,7.077555530379611,2.3490285418910344,118.84624405885216,27.656993795045437,1.0983720599260596,[27.656993795045437, 1.0983720599260596],1.0,False,True,0.9064421140260959,36,17.709159380834848,124.866,in_progress,0.0
46,5.0,7.05727897815088,2.3662635558300473,121.04731891662699,-30.0,2.7556923065241565,[-30.0, 2.7556923065241565],1.0,False,True,1.0532251244576463,37,17.709159380834848,124.935,in_progress,0.0
46,6.0,7.02394958931706,2.389064946902902,124.59547528926736,-28.414368763725637,1.0,[-28.414368763725637, 1.0],1.0,False,True,1.2696539544708174,37,17.709159380834848,124.997,in_progress,0.0
46,7.0,7.006653670438429,2.4368166546420804,121.80166940076731,-2.536685497254574,3.0,[-2.536685497254574, 3.0],0.5,False,True,1.5377727298295785,37,17.709159380834848,125.07,in_progress,0.0
46,8.0,6.985476324140323,2.513106216239147,116.97464606853815,23.475585672674725,1.9052212226236551,[23.475585672674725, 1.9052212226236551],0.5,False,True,1.9274675053391088,38,17.709159380834848,125.134,in_progress,0.0
46,9.0,6.9550883388167435,2.5640556396492356,117.74427155849901,-30.0,3.0,[-30.0, 3.0],0.5,False,True,2.2059969751317077,38,17.709159380834848,125.2,in_progress,0.0
46,10.0,6.911844301169204,2.6391319193718688,117.97759641156534,-1.6078275024463693,3.0,[-1.6078275024463693, 3.0],0.5,False,True,2.6584743081443762,39,17.709159380834848,125.269,in_progress,0.0
46,11.0,6.8781045299339665,2.7258912581540207,115.56602697887513,-30.0,2.851384295667453,[-30.0, 2.851384295667453],0.5,False,True,3.0485796725090664,39,17.709159380834848,125.33,in_progress,0.0
46,12.0,6.8437466821710915,2.833421247010733,112.1948721564692,5.149478985700107,2.169101311598718,[5.149478985700107, 2.169101311598718],0.5,False,True,3.449458907129838,39,17.709159380834848,125.402,in_progress,0.0
46,13.0,6.820615650615622,2.931403779850402,108.65028123005581,27.145141032949056,1.6701226113666645,[27.145141032949056, 1.6701226113666645],0.5,False,True,3.832231430608651,40,17.709159380834848,125.462,in_progress,0.0
46,14.0,6.778248215353722,3.050361918760443,109.09515332325914,14.660467176231748,2.0838388640319647,[14.660467176231748, 2.0838388640319647],0.5,False,False,4.03697053929486,40,17.709159380834848,125.532,in_progress,0.0
46,15.0,6.724308751408476,3.156182730985559,112.55618061094779,-5.519350287064825,1.9862376887567796,[-5.519350287064825, 1.9862376887567796],0.5,False,False,4.5301344188343915,41,17.709159380834848,125.596,in_progress,0.0
46,16.0,6.6667102620156555,3.2728053085272397,114.09662598308583,22.755413162763325,2.5700385577696707,[22.755413162763325, 2.5700385577696707],0.5,False,False,4.74022288420305,41,17.709159380834848,125.643,in_progress,0.0
46,17.0,6.578008181851093,3.4337185521982327,117.19425896365156,30.0,1.0,[30.0, 1.0],0.5,True,False,5.256183938011483,42,17.709159380834848,125.733,off_track,0.0
47,1.0,6.344253856354109,2.7668255106127395,168.45796355447263,-6.2662153295723755,2.155970433269682,[-6.2662153295723755, 2.155970433269682],0.0,False,True,0.7897272075249429,42,17.709159380834848,125.868,prepare,0.0
47,2.0,6.344454764550566,2.767073329192865,168.3915256627549,30.0,2.6212311693737,[30.0, 2.6212311693737],1.0,False,True,0.7886914472193474,42,17.709159380834848,125.918,in_progress,0.0
47,3.0,6.331085205191829,2.768227130119894,168.6849229193741,30.0,1.0,[30.0, 1.0],1.0,False,True,0.8644557647641438,42,17.709159380834848,125.98,in_progress,0.0
47,4.0,6.309519809010584,2.758686580709444,171.8282979034693,-11.30644021660503,1.0,[-11.30644021660503, 1.0],1.0,False,True,0.9822461429664364,42,17.709159380834848,126.067,in_progress,0.0
47,5.0,6.277756191221504,2.745654120588491,176.06821603512628,4.325389315328444,1.0,[4.325389315328444, 1.0],1.0,False,True,1.1561345538526946,43,17.709159380834848,126.132,in_progress,0.0
47,6.0,6.232199198727716,2.740723468810315,177.93035261335368,-29.827415509846297,1.0,[-29.827415509846297, 1.0],1.0,False,True,1.4108678032352107,43,17.709159380834848,126.201,in_progress,0.0
47,7.0,6.181212998935958,2.738033867559159,178.99350820445227,12.858792524043253,2.56512448968194,[12.858792524043253, 2.56512448968194],1.0,False,True,1.7060487714004813,43,17.709159380834848,126.266,in_progress,0.0
47,8.0,6.120132025015924,2.7384019748717603,179.33588022968084,-10.363841107797636,1.0,[-10.363841107797636, 1.0],1.0,False,True,2.050922327119448,44,17.709159380834848,126.336,in_progress,0.0
47,9.0,6.052704336830367,2.7353870455414726,-179.7307759751453,-6.822270823172616,1.0890633542737267,[-6.822270823172616, 1.0890633542737267],1.0,False,True,2.4377591654935413,44,17.709159380834848,126.399,in_progress,0.0
47,10.0,5.983441382688688,2.7432996813922856,178.41032487736956,-30.0,2.324163630887785,[-30.0, 2.324163630887785],1.0,False,True,2.8284866751861704,45,17.709159380834848,126.471,in_progress,0.0
47,11.0,5.900601842805963,2.760086729756329,175.03383804470263,-4.740399400379417,1.4926907510373222,[-4.740399400379417, 1.4926907510373222],1.0,False,True,3.29548765924218,45,17.709159380834848,126.538,in_progress,0.0
47,12.0,5.818149676483378,2.78780005071735,170.50153970845602,30.0,2.4815076229890947,[30.0, 2.4815076229890947],0.5,False,True,3.7596848897967163,46,17.709159380834848,126.598,in_progress,0.0
47,13.0,5.722467489089311,2.8044617522847712,170.58454701186312,16.621232768304864,3.0,[16.621232768304864, 3.0],1.0,False,True,4.29929355162268,46,17.709159380834848,126.667,in_progress,0.0
47,14.0,5.613091008479476,2.803630379718115,174.6066552200961,3.424206704327368,1.2342793079957226,[3.424206704327368, 1.2342793079957226],1.0,False,True,4.9177565543646775,47,17.709159380834848,126.736,in_progress,0.0
47,15.0,5.4987758420703665,2.786462560707876,-178.98799943138852,28.44103188386024,2.4261340458018577,[28.44103188386024, 2.4261340458018577],1.0,False,True,5.563626823947016,48,17.709159380834848,126.798,in_progress,0.0
47,16.0,5.387323053689196,2.756214153667376,-172.836612985984,-30.0,1.0,[-30.0, 1.0],1.0,False,True,6.193624670034737,49,17.709159380834848,126.867,in_progress,0.0
47,17.0,5.281314869306893,2.719563434700442,-166.20234178741626,14.32453844802918,1.7375368029901639,[14.32453844802918, 1.7375368029901639],0.5,False,True,6.797596750359469,49,17.709159380834848,126.933,in_progress,0.0
47,18.0,5.183998533861882,2.68521215708558,-163.33413930785835,-30.0,1.0,[-30.0, 1.0],0.5,False,True,7.351009807015601,50,17.709159380834848,126.999,in_progress,0.0
47,19.0,5.096508410987414,2.6484554970276384,-161.1399435795235,-30.0,3.0,[-30.0, 3.0],0.5,False,True,7.8323535809840195,51,17.709159380834848,127.071,in_progress,0.0
47,20.0,4.996386318594268,2.6229859612434208,-162.94571104934315,-27.01205127568307,2.152260204242051,[-27.01205127568307, 2.152260204242051],0.5,False,True,8.299740951699414,51,17.709159380834848,127.134,in_progress,0.0
47,21.0,4.901603169425247,2.619104946686373,-168.11893648775805,15.80672894243952,3.0,[15.80672894243952, 3.0],0.5,False,True,8.828155938708582,52,17.709159380834848,127.198,in_progress,0.0
47,22.0,4.785794706642596,2.6141972644296274,-171.9957016741887,6.193689581560413,1.0,[6.193689581560413, 1.0],0.5,False,True,9.348165968938055,52,17.709159380834848,127.266,in_progress,0.0
47,23.0,4.664313771170056,2.5881058362377027,-170.61169368743515,-8.159382584976736,3.0,[-8.159382584976736, 3.0],0.5,False,True,9.907890837222716,53,17.709159380834848,127.33,in_progress,0.0
47,24.0,4.552532573923966,2.563888701860371,-169.56647370772671,30.0,1.7932030606348417,[30.0, 1.7932030606348417],0.5,False,True,10.30210328247929,53,17.709159380834848,127.409,in_progress,0.0
47,25.0,4.422853277276452,2.535875409384684,-168.7521633302385,-4.466240477650274,1.0,[-4.466240477650274, 1.0],0.5,False,False,10.756899515410684,54,17.709159380834848,127.467,in_progress,0.0
47,26.0,4.325231346407145,2.5116249197493246,-167.61879873852254,-30.0,1.0,[-30.0, 1.0],0.5,False,False,10.930391123908944,54,17.709159380834848,127.532,in_progress,0.0
47,27.0,4.216187044684495,2.497139750970467,-169.5547164294208,30.0,2.356726903821874,[30.0, 2.356726903821874],0.5,False,False,11.405278233576311,55,17.709159380834848,127.595,in_progress,0.0
47,28.0,4.112103489637867,2.480213461639698,-169.87637465499762,-30.0,1.0,[-30.0, 1.0],0.5,True,False,11.596410360014525,55,17.709159380834848,127.667,off_track,0.0
48,1.0,5.45830462734619,2.7689288916321333,-179.76860027646734,30.0,2.8662444437043644,[30.0, 2.8662444437043644],0.0,False,True,0.7925260120588196,48,17.709159380834848,127.794,prepare,0.0
48,2.0,5.458654170979459,2.768967980580661,-179.78701077530303,-2.9647327302232185,1.8819082786031185,[-2.9647327302232185, 1.8819082786031185],1.0,False,True,0.7905513549263554,48,17.709159380834848,127.863,in_progress,0.0
48,3.0,5.4451798921807075,2.769225662676479,-179.89574384808407,-14.319345398557836,1.5611646602600304,[-14.319345398557836, 1.5611646602600304],1.0,False,True,0.8666315155421878,48,17.709159380834848,127.934,in_progress,0.0
48,4.0,5.426845410695852,2.771852958387035,179.46736735373364,7.220779512596081,2.0766920642645914,[7.220779512596081, 2.0766920642645914],1.0,False,True,0.9701032245581942,48,17.709159380834848,128.0,in_progress,0.0
48,5.0,5.365855763334935,2.7688523182611733,-179.63993126795796,30.0,2.2392157361371208,[30.0, 2.2392157361371208],1.0,False,True,1.314563474450764,49,17.709159380834848,128.069,in_progress,0.0
48,6.0,5.330568547269564,2.760672649881033,-177.7180010958723,14.275778415287661,2.7501367673555994,[14.275778415287661, 2.7501367673555994],1.0,False,True,1.5147379843179487,49,17.709159380834848,128.134,in_progress,0.0
48,7.0,5.263760653514318,2.7350482948178025,-172.52735786209044,-30.0,2.1066324794779616,[-30.0, 2.1066324794779616],1.0,False,True,1.8948954278192265,49,17.709159380834848,128.198,in_progress,0.0
48,8.0,5.182405923579356,2.711151631510197,-169.53067687044654,-30.0,2.6381667627043703,[-30.0, 2.6381667627043703],1.0,False,True,2.3569769525447315,50,17.709159380834848,128.264,in_progress,0.0
48,9.0,5.104666766560138,2.705407053475797,-171.4406397135392,-20.5850499518635,1.5320452002514946,[-20.5850499518635, 1.5320452002514946],1.0,False,True,2.7879130768808267,51,17.709159380834848,128.333,in_progress,0.0
48,10.0,5.014416511921814,2.71362964168038,-176.1448054983134,-17.45044558319457,2.1654475502655135,[-17.45044558319457, 2.1654475502655135],0.5,False,True,3.2619334959701596,51,17.709159380834848,128.399,in_progress,0.0
48,11.0,4.9152462481136805,2.7348767960793703,177.85844910097657,8.913255690929716,1.0,[8.913255690929716, 1.0],1.0,False,True,3.832459254242165,52,17.709159380834848,128.461,in_progress,0.0
48,12.0,4.805219302409027,2.7549738321766974,173.14628716105048,0.6223814165853057,1.0,[0.6223814165853057, 1.0],1.0,False,True,4.433703238248765,52,17.709159380834848,128.535,in_progress,0.0
48,13.0,4.71449400398363,2.7610989873515295,173.8114951232533,-5.186602463300183,3.0,[-5.186602463300183, 3.0],0.5,False,True,4.907890837222717,53,17.709159380834848,128.6,in_progress,0.0
48,14.0,4.620319680530808,2.770878921005139,173.90581196400558,-7.520781499954584,1.9016671410244332,[-7.520781499954584, 1.9016671410244332],0.5,False,True,5.397507855312378,54,17.709159380834848,128.665,in_progress,0.0
48,15.0,4.488926444175971,2.7937119984797634,171.97352930728044,6.05926383060573,3.0,[6.05926383060573, 3.0],0.5,False,True,6.008881993983989,54,17.709159380834848,128.731,in_progress,0.0
48,16.0,4.396210616183719,2.812754544432387,170.75675603293882,-19.075041143323567,1.2455526354259927,[-19.075041143323567, 1.2455526354259927],0.5,False,True,6.5079820557970685,55,17.709159380834848,128.799,in_progress,0.0
48,17.0,4.284346079473471,2.8362094090591756,169.63495103769728,30.0,1.7824746454168046,[30.0, 1.7824746454168046],0.5,False,True,6.915061322864791,55,17.709159380834848,128.863,in_progress,0.0
48,18.0,4.1735451847947695,2.85906143219421,169.21654010882312,-15.625367801309373,2.486622428330326,[-15.625367801309373, 2.486622428330326],0.5,False,True,7.449199601129219,56,17.709159380834848,128.936,in_progress,0.0
48,19.0,4.0532696347884904,2.877958907837595,169.8533260990847,-22.10192464969656,3.0,[-22.10192464969656, 3.0],0.5,False,True,7.879628089880719,57,17.709159380834848,129.001,in_progress,0.0
48,20.0,3.931880499512988,2.9161543243367594,166.4194325350087,6.489864105019734,2.0436000177990334,[6.489864105019734, 2.0436000177990334],0.5,False,False,8.35876361483639,57,17.709159380834848,129.067,in_progress,0.0
48,21.0,3.792054367636065,2.965127128554058,162.72536417358884,29.477575477133108,3.0,[29.477575477133108, 3.0],0.5,False,False,9.074654953997035,58,17.709159380834848,129.134,in_progress,0.0
48,22.0,3.650976832473901,3.001811332317168,163.88665715711318,9.066824574032097,2.032469009982381,[9.066824574032097, 2.032469009982381],0.5,True,False,9.695246533301571,59,17.709159380834848,129.201,off_track,0.0
49,1.0,4.590624584327893,2.8814638456408703,157.4036348713026,-30.0,3.0,[-30.0, 3.0],0.0,False,True,0.7916679192915221,54,17.709159380834848,129.332,prepare,0.0
49,2.0,4.590852408643613,2.8812854302833166,157.4180149339781,30.0,1.0,[30.0, 1.0],1.0,False,True,0.7900414090570129,54,17.709159380834848,129.402,in_progress,0.0
49,3.0,4.581811341155702,2.883212855462839,157.80106682389027,30.0,3.0,[30.0, 3.0],0.5,False,True,0.8389248750011458,54,17.709159380834848,129.466,in_progress,0.0
49,4.0,4.559309552215944,2.882082405363511,160.15930933753486,-4.547774960972518,3.0,[-4.547774960972518, 3.0],0.5,False,True,0.9425698140857364,54,17.709159380834848,129.534,in_progress,0.0
49,5.0,4.52663858108127,2.884796786225396,162.15805693775548,23.670854663263498,2.1572782940101103,[23.670854663263498, 2.1572782940101103],0.5,False,True,1.1062951602024362,54,17.709159380834848,129.602,in_progress,0.0
49,6.0,4.47857420144297,2.8919546505543763,163.98493487111517,4.73982112045536,1.4764075188336938,[4.73982112045536, 1.4764075188336938],0.5,False,True,1.3567816698972113,55,17.709159380834848,129.669,in_progress,0.0
49,7.0,4.417730620916151,2.897128919685658,166.63558443272478,-30.0,3.0,[-30.0, 3.0],0.5,False,True,1.5964103600145274,55,17.709159380834848,129.732,in_progress,0.0
49,8.0,4.324226534185072,2.9194594433273475,166.18818651220252,-30.0,3.0,[-30.0, 3.0],0.5,False,True,2.0626006047163914,56,17.709159380834848,129.799,in_progress,0.0
49,9.0,4.275017071548963,2.941814459545436,163.86588994451458,-22.81470016770836,1.0,[-22.81470016770836, 1.0],0.5,False,True,2.3535074542675396,56,17.709159380834848,129.868,in_progress,0.0
49,10.0,4.198486814758018,2.9875439857893147,158.9206393743409,-30.0,2.0951014015698184,[-30.0, 2.0951014015698184],0.5,False,True,2.7698998643604145,56,17.709159380834848,129.932,in_progress,0.0
49,11.0,4.128080608204053,3.0378029428708007,154.11798782792766,14.378410247961192,1.0,[14.378410247961192, 1.0],0.5,False,True,3.248889026589202,57,17.709159380834848,130.0,in_progress,0.0
49,12.0,4.057624695668553,3.094905824487377,148.8328758109788,-1.511620290659522,3.0,[-1.511620290659522, 3.0],0.5,False,True,3.685206450220957,57,17.709159380834848,130.066,in_progress,0.0
49,13.0,3.9833785149750076,3.14758994693085,147.3764592630163,-30.0,2.4933467122046817,[-30.0, 2.4933467122046817],0.5,False,True,4.163438633571504,58,17.709159380834848,130.13,in_progress,0.0
49,14.0,3.890286227953299,3.219178366255092,145.10732880162283,30.0,2.7411195898078935,[30.0, 2.7411195898078935],0.5,False,True,4.807649651353646,59,17.709159380834848,130.201,in_progress,0.0
49,15.0,3.806161003902228,3.293630295608186,142.72147554023005,30.0,2.940825447088839,[30.0, 2.940825447088839],0.5,False,True,5.446917672707108,60,17.709159380834848,130.267,in_progress,0.0
49,16.0,3.698785747110469,3.363048779503116,144.81323400902738,-27.45744177979256,2.0098708771359703,[-27.45744177979256, 2.0098708771359703],0.5,False,True,6.132235398042473,60,17.709159380834848,130.332,in_progress,0.0
49,17.0,3.580769464029008,3.426469524957445,148.3944035458673,-12.05929999910633,1.8638562013182778,[-12.05929999910633, 1.8638562013182778],0.5,False,False,6.83004742558354,61,17.709159380834848,130.4,in_progress,0.0
49,18.0,3.4695372251707908,3.5052263326693485,146.6541190947855,-11.842225630642034,1.610595645165112,[-11.842225630642034, 1.610595645165112],0.5,False,False,7.5722137485301655,62,17.709159380834848,130.467,in_progress,0.0
49,19.0,3.374154069344187,3.586636048521067,143.42039924963203,12.989652001721083,2.7933523247764356,[12.989652001721083, 2.7933523247764356],0.5,False,False,8.268832617488343,63,17.709159380834848,130.537,in_progress,0.0
49,20.0,3.2663572894425874,3.673876864981879,142.38292055914567,-1.4292972541415345,2.388801656611934,[-1.4292972541415345, 2.388801656611934],0.5,False,False,9.037021983367088,64,17.709159380834848,130.6,in_progress,0.0
49,21.0,3.1557699660587364,3.7531563298035753,143.22000465433837,-26.64325485046621,2.878457693046524,[-26.64325485046621, 2.878457693046524],0.5,False,False,9.76953315029736,65,17.709159380834848,130.645,in_progress,0.0
49,22.0,3.0476836742553735,3.843715442783876,141.5886452904804,11.833716433734587,1.0,[11.833716433734587, 1.0],0.5,True,False,10.546808248584583,66,17.709159380834848,130.733,off_track,0.0
50,1.0,3.9771413039851273,3.512102079050137,129.2465333268828,1.415359135927396,1.9831672803209233,[1.415359135927396, 1.9831672803209233],0.0,False,True,0.7914537803029753,60,17.709159380834848,130.868,prepare,0.0
50,2.0,3.9772551891196444,3.5119887562299974,129.24753287051118,30.0,3.0,[30.0, 3.0],1.0,False,True,0.7905513581379364,60,17.709159380834848,130.934,in_progress,0.0
50,3.0,3.968667488610781,3.5175565896194896,129.76029726659144,19.072508797726734,1.1607822593427617,[19.072508797726734, 1.1607822593427617],1.0,False,True,0.8455608778473178,60,17.709159380834848,130.999,in_progress,0.0
50,4.0,3.947954503763383,3.527096287307075,132.06316701411325,27.66581661320874,3.0,[27.66581661320874, 3.0],1.0,False,True,0.9612165343087176,60,17.709159380834848,131.067,in_progress,0.0
50,5.0,3.9104105077247815,3.5419922612541344,136.3871151361353,25.532083464042344,3.0,[25.532083464042344, 3.0],1.0,False,True,1.1603673338467235,60,17.709159380834848,131.14,in_progress,0.0
50,6.0,3.8522256112303643,3.5580774077466732,142.9719268282785,-22.402096369263813,2.2928836125954852,[-22.402096369263813, 2.2928836125954852],0.5,False,True,1.438368240336707,61,17.709159380834848,131.2,in_progress,0.0
50,7.0,3.793145966695202,3.5794397344743882,147.37471721001435,12.682253574144731,1.0,[12.682253574144731, 1.0],0.5,False,True,1.7424257902627804,61,17.709159380834848,131.266,in_progress,0.0
50,8.0,3.7308757812274673,3.6111562662746115,148.9045052302748,14.084032443291939,1.0,[14.084032443291939, 1.0],0.5,False,True,2.1033520875372247,61,17.709159380834848,131.335,in_progress,0.0
50,9.0,3.6600470365600866,3.6349684264107447,152.502313443398,-27.53354554973631,3.0,[-27.53354554973631, 3.0],0.5,False,True,2.460192066609568,62,17.709159380834848,131.4,in_progress,0.0
50,10.0,3.5919240058062476,3.6575350004745637,155.07440220510364,-4.752137513784142,3.0,[-4.752137513784142, 3.0],0.5,False,True,2.802283659430227,62,17.709159380834848,131.465,in_progress,0.0
50,11.0,3.506698783824055,3.7009260864544045,154.32705664790777,30.0,1.3164742810536967,[30.0, 1.3164742810536967],0.5,False,True,3.296250847926707,63,17.709159380834848,131.526,in_progress,0.0
50,12.0,3.39760941504609,3.7580038720134974,153.35411008292763,-6.019576661338725,1.9873511225815008,[-6.019576661338725, 1.9873511225815008],0.5,False,True,3.9364149756539346,64,17.709159380834848,131.601,in_progress,0.0
50,13.0,3.334095124452026,3.7853555015650717,154.1456196685894,5.1681026720089775,1.3305631759781034,[5.1681026720089775, 1.3305631759781034],0.5,False,True,4.276685281351367,64,17.709159380834848,131.665,in_progress,0.0
50,14.0,3.240236160552848,3.8271987432759618,154.87762114492728,-13.251624771530224,2.0341527220173505,[-13.251624771530224, 2.0341527220173505],0.5,False,False,4.79398166967635,65,17.709159380834848,131.729,in_progress,0.0
50,15.0,3.1482705648151232,3.876472254196053,153.50710359398306,-13.241962106007463,1.0,[-13.241962106007463, 1.0],0.5,False,False,5.333662410255558,65,17.709159380834848,131.801,in_progress,0.0
50,16.0,3.0600024314223497,3.9369172142198416,150.35726191855616,-10.266645387299764,1.0,[-10.266645387299764, 1.0],0.5,False,False,6.255167145556273,66,17.709159380834848,131.865,in_progress,0.0
50,17.0,2.972082206647737,4.014265710452367,145.3907546577883,-20.61671175861018,2.754907118175905,[-20.61671175861018, 2.754907118175905],1.0,False,False,7.400898671669398,68,17.709159380834848,131.931,in_progress,0.0
50,18.0,2.9190799970045984,4.069459976912394,141.844647605342,-3.539584694240574,3.0,[-3.539584694240574, 3.0],0.5,False,False,8.063185789071603,69,17.709159380834848,132.002,in_progress,0.0
50,19.0,2.853275136448522,4.139539899428626,138.7492558889001,-20.792392425969158,2.878915654741906,[-20.792392425969158, 2.878915654741906],0.5,False,False,9.097025544316962,70,17.709159380834848,132.068,in_progress,0.0
50,20.0,2.772041548165475,4.230611581515171,135.52955990029545,30.0,3.0,[30.0, 3.0],0.5,False,False,9.924995708096718,71,17.709159380834848,132.136,in_progress,0.0
50,21.0,2.6794081962966794,4.336430771369549,133.77001336548986,0.05858180827281245,1.356502078953057,[0.05858180827281245, 1.356502078953057],0.5,False,True,10.457616949653803,72,17.709159380834848,132.199,in_progress,0.0
50,22.0,2.5963740117761986,4.4145864857088055,135.41109770251168,-30.0,1.460754266590732,[-30.0, 1.460754266590732],0.5,False,True,10.94016728959507,72,17.709159380834848,132.265,in_progress,0.0
50,23.0,2.5101620795644264,4.504291822808291,134.88448206334795,-30.0,3.0,[-30.0, 3.0],0.5,False,True,11.427992709684842,73,17.709159380834848,132.335,in_progress,0.0
50,24.0,2.43282170852635,4.594516514771062,132.99363543184458,23.889643991657174,1.9626052189785819,[23.889643991657174, 1.9626052189785819],0.5,False,True,11.865728157329848,73,17.709159380834848,132.398,in_progress,0.0
50,25.0,2.357620198476282,4.689918933432213,130.27684345230713,12.29688388346056,1.3729277209062651,[12.29688388346056, 1.3729277209062651],0.5,False,True,12.249247830226773,73,17.709159380834848,132.466,in_progress,0.0
50,26.0,2.2679459570772535,4.77612393439754,132.74276592111934,30.0,2.0990784944492775,[30.0, 2.0990784944492775],0.5,False,True,12.742704524995519,74,17.709159380834848,132.531,in_progress,0.0
50,27.0,2.167465437963186,4.850931327644112,137.63684154083566,7.034053627163743,2.6772602065549473,[7.034053627163743, 2.6772602065549473],0.5,False,True,13.29566756364764,75,17.709159380834848,132.592,in_progress,0.0
50,28.0,2.063946575151238,4.912262480339275,142.7151510296021,-30.0,1.7906507657534552,[-30.0, 1.7906507657534552],0.5,False,False,13.883588521877554,75,17.709159380834848,132.667,in_progress,0.0
50,29.0,1.955313155767177,4.978090603201222,145.66105181603766,30.0,3.0,[30.0, 3.0],0.5,False,False,14.486114791223947,76,17.709159380834848,132.733,in_progress,0.0
50,30.0,1.8334451337669002,5.050318896997785,148.0256944069321,-3.6777996216939783,3.0,[-3.6777996216939783, 3.0],0.5,False,False,15.162890704527832,77,17.709159380834848,132.801,in_progress,0.0
50,31.0,1.6941712023721882,5.11957209602523,150.8306848606459,-16.194107207976284,3.0,[-16.194107207976284, 3.0],0.5,True,False,15.918247529493101,78,17.709159380834848,132.866,off_track,0.0
51,1.0,3.4180779617471084,4.19865550077789,129.09716247899803,-30.0,1.4393032009187299,[-30.0, 1.4393032009187299],0.0,False,True,0.7910419778726752,66,17.709159380834848,133.001,prepare,0.0
51,2.0,3.418359764560015,4.1987713441933625,129.02850330762297,1.159498461542281,2.363371072118425,[1.159498461542281, 2.363371072118425],1.0,False,True,0.7905505554073211,66,17.709159380834848,133.069,in_progress,0.0
51,3.0,3.4130433188832465,4.206624566944747,128.83246291310456,30.0,1.9372371074100054,[30.0, 1.9372371074100054],1.0,False,True,0.8439107906673682,66,17.709159380834848,133.136,in_progress,0.0
51,4.0,3.3943523978586576,4.220531624030143,130.17297932704707,-12.328726253005275,1.7840637763161968,[-12.328726253005275, 1.7840637763161968],1.0,False,True,0.9748983836951219,66,17.709159380834848,133.2,in_progress,0.0
51,5.0,3.368180769246761,4.240455511426008,131.86838646961556,-30.0,2.5952133665617665,[-30.0, 2.5952133665617665],1.0,False,True,1.1596475536460593,66,17.709159380834848,133.264,in_progress,0.0
51,6.0,3.346106188947101,4.280043169150436,129.34821149722134,24.62332696205543,1.611197677786947,[24.62332696205543, 1.611197677786947],1.0,False,True,1.403531032405847,67,17.709159380834848,133.335,in_progress,0.0
51,7.0,3.301681242132848,4.342206440754403,128.18839378527767,-2.191571652551275,2.858407962403549,[-2.191571652551275, 2.858407962403549],0.5,False,True,1.8021278579491762,67,17.709159380834848,133.405,in_progress,0.0
51,8.0,3.2635704199115625,4.3798048921885915,129.75399909957574,30.0,2.243650436191494,[30.0, 2.243650436191494],0.5,False,True,2.097094452982673,67,17.709159380834848,133.462,in_progress,0.0
51,9.0,3.2090127642562964,4.429507677198167,131.89596389478896,23.527561123269273,1.247572044736322,[23.527561123269273, 1.247572044736322],0.5,False,True,2.5070353465939332,68,17.709159380834848,133.534,in_progress,0.0
51,10.0,3.1302746843017633,4.47936083425861,137.2986578203449,30.0,3.0,[30.0, 3.0],0.5,False,True,3.0020118686116537,68,17.709159380834848,133.602,in_progress,0.0
51,11.0,3.04703563912523,4.517026741547724,143.7351341576392,-17.404201063232907,2.4286252421079935,[-17.404201063232907, 2.4286252421079935],0.5,False,True,3.437598437297218,69,17.709159380834848,133.666,in_progress,0.0
51,12.0,2.9388210557985524,4.560843285665253,149.93354089757835,-18.62828143651863,1.0,[-18.62828143651863, 1.0],0.5,False,True,4.08507547400685,70,17.709159380834848,133.734,in_progress,0.0
51,13.0,2.857213504762487,4.60643259050936,150.82049476647543,13.691167941868152,1.0,[13.691167941868152, 1.0],0.5,False,True,4.48037828438812,70,17.709159380834848,133.806,in_progress,0.0
51,14.0,2.770328923475237,4.654251511273734,151.0106233874232,-11.745204188767673,1.0,[-11.745204188767673, 1.0],0.5,False,True,4.9731273456379625,71,17.709159380834848,133.868,in_progress,0.0
51,15.0,2.692628540384284,4.690252521398312,152.32225741974867,9.13915048401526,2.295672382475992,[9.13915048401526, 2.295672382475992],0.5,False,True,5.415097311422978,72,17.709159380834848,133.933,in_progress,0.0
51,16.0,2.601935601635254,4.729224144423572,154.0861976260058,-3.758386367810413,1.6659957677035746,[-3.758386367810413, 1.6659957677035746],0.5,False,True,5.912288010821454,72,17.709159380834848,133.988,in_progress,0.0
51,17.0,2.5136344854593426,4.763612988748059,155.68052802529783,-16.309055032539142,1.664508983177827,[-16.309055032539142, 1.664508983177827],0.5,False,True,6.4112907272693365,73,17.709159380834848,134.066,in_progress,0.0
51,18.0,2.421082903186869,4.806675527927338,155.37561236555533,25.63351284202775,2.785406684395123,[25.63351284202775, 2.785406684395123],0.5,False,True,6.88384803848966,73,17.709159380834848,134.133,in_progress,0.0
51,19.0,2.3115026367710145,4.858240982687559,155.30451683587256,-30.0,2.0844292714311283,[-30.0, 2.0844292714311283],0.5,False,False,7.47459271455666,74,17.709159380834848,134.199,in_progress,0.0
51,20.0,2.2102659451083033,4.896141503061957,157.06751556798397,-30.0,1.2725358640048436,[-30.0, 1.2725358640048436],0.5,False,False,8.04558744626782,74,17.709159380834848,134.269,in_progress,0.0
51,21.0,2.107314528426878,4.9450384113052435,156.00609263802454,-17.0123209692261,1.0,[-17.0123209692261, 1.0],0.5,False,False,8.63377783008602,75,17.709159380834848,134.333,in_progress,0.0
51,22.0,2.0243058372575433,4.996209442202231,153.2533220800682,-10.270055184283219,2.6279130264945723,[-10.270055184283219, 2.6279130264945723],0.5,False,False,9.094516561913025,76,17.709159380834848,134.397,in_progress,0.0
51,23.0,1.9446803834868451,5.05288038672221,150.03360885285497,12.559341161138434,2.6130673790036005,[12.559341161138434, 2.6130673790036005],0.5,True,False,9.534607224081482,76,17.709159380834848,134.47,off_track,0.0
52,1.0,2.6228091490404726,4.4978040935228405,179.1063867202161,-17.52810001210792,1.2057711814932168,[-17.52810001210792, 1.2057711814932168],0.0,False,True,0.7918263054644603,72,17.709159380834848,134.599,prepare,0.0
52,2.0,2.623036002067175,4.497829514428474,179.0787557474805,-30.0,1.0,[-30.0, 1.0],1.0,False,True,0.7905456002215816,72,17.709159380834848,134.667,in_progress,0.0
52,3.0,2.6147082890451676,4.501007549624731,178.39589370501812,9.4268459151821,3.0,[9.4268459151821, 3.0],1.0,False,True,0.8376060122981976,72,17.709159380834848,134.732,in_progress,0.0
52,4.0,2.593584171933067,4.504662380540673,177.85202757623622,6.611018102108133,1.9447363132125857,[6.611018102108133, 1.9447363132125857],1.0,False,True,0.9569303009965724,72,17.709159380834848,134.797,in_progress,0.0
52,5.0,2.559402233152716,4.501586688663183,178.85226491745271,-18.201344924271034,2.698156246149272,[-18.201344924271034, 2.698156246149272],1.0,False,True,1.149913870011876,72,17.709159380834848,134.858,in_progress,0.0
52,6.0,2.5081555757456213,4.501307985638203,179.10201954429226,-29.62970695231535,1.3720684708141915,[-29.62970695231535, 1.3720684708141915],1.0,False,True,1.4392895671556438,73,17.709159380834848,134.938,in_progress,0.0
52,7.0,2.4444675978621886,4.520898706432997,174.90172518844912,-21.79408211481377,2.5270194942227784,[-21.79408211481377, 2.5270194942227784],1.0,False,True,1.7991413735152118,73,17.709159380834848,135.001,in_progress,0.0
52,8.0,2.371592809648419,4.554669310146455,168.87091717337665,-9.295683835112388,1.0,[-9.295683835112388, 1.0],0.5,False,True,2.1984400610573718,73,17.709159380834848,135.069,in_progress,0.0
52,9.0,2.294907015201935,4.594731948615033,163.18206422125039,8.688504676162452,3.0,[8.688504676162452, 3.0],0.5,False,True,2.6228714540894815,74,17.709159380834848,135.134,in_progress,0.0
52,10.0,2.228182410728792,4.6277004927668814,160.480355711936,30.0,2.4990984777688547,[30.0, 2.4990984777688547],0.5,False,True,2.9951172989516994,74,17.709159380834848,135.199,in_progress,0.0
52,11.0,2.140138461699383,4.650663510059031,162.10098912826777,12.994781240451452,1.254316334621278,[12.994781240451452, 1.254316334621278],0.5,False,True,3.4876737182477635,75,17.709159380834848,135.266,in_progress,0.0
52,12.0,2.0433441478894183,4.660756205278724,166.36387639724995,8.990595478267608,1.5242561380559598,[8.990595478267608, 1.5242561380559598],0.5,False,True,4.03833158465956,76,17.709159380834848,135.336,in_progress,0.0
52,13.0,1.946373832162514,4.666767318822296,169.9591755531733,-1.5940356451075353,1.535179072646178,[-1.5940356451075353, 1.535179072646178],0.5,False,True,4.584554370476712,76,17.709159380834848,135.394,in_progress,0.0
52,14.0,1.8467905005949214,4.6775758813505215,171.31302325062012,4.047454843231662,1.9971434455362131,[4.047454843231662, 1.9971434455362131],0.5,False,True,5.145005825858096,77,17.709159380834848,135.47,in_progress,0.0
52,15.0,1.7341824793547367,4.694920128160135,171.26295450591104,-25.562822451973695,1.5376839330463474,[-25.562822451973695, 1.5376839330463474],0.5,False,True,5.771148711694907,78,17.709159380834848,135.526,in_progress,0.0
52,16.0,1.619702784835653,4.718820761760052,169.9797433763717,30.0,1.4057235410869697,[30.0, 1.4057235410869697],0.5,False,True,6.4012523090434374,78,17.709159380834848,135.598,in_progress,0.0
52,17.0,1.5191634910715732,4.743477355065745,168.46906340398425,-7.732078291175476,2.8372252720796496,[-7.732078291175476, 2.8372252720796496],0.5,False,True,6.917344373708811,79,17.709159380834848,135.666,in_progress,0.0
52,18.0,1.39833566408316,4.771183676604976,167.58425015216503,-28.592672367480002,1.9931575662952374,[-28.592672367480002, 1.9931575662952374],0.5,False,True,7.58695209881175,80,17.709159380834848,135.736,in_progress,0.0
52,19.0,1.2821607169743785,4.814097859146364,164.0468673822915,-30.0,1.532202092803905,[-30.0, 1.532202092803905],0.5,False,False,7.811166195913721,80,17.709159380834848,135.801,in_progress,0.0
52,20.0,1.1705913833422603,4.865494556005228,160.20859009097245,-2.5916361729872612,3.0,[-2.5916361729872612, 3.0],0.5,False,False,8.341345843990355,81,17.709159380834848,135.868,in_progress,0.0
52,21.0,1.0656165121292496,4.920158009106819,157.00995188498405,28.20126590001464,1.0,[28.20126590001464, 1.0],0.5,False,False,8.616335803909546,81,17.709159380834848,135.934,in_progress,0.0
52,22.0,0.9476660968063744,4.976457244023404,155.2667319038295,8.81603422813727,2.572420952429136,[8.81603422813727, 2.572420952429136],0.5,True,False,8.616335803909546,81,17.709159380834848,136.002,off_track,0.0
53,1.0,1.7377594031584513,4.477173663754049,-178.49623184708912,1.800190962442933,1.8438079837175034,[1.800190962442933, 1.8438079837175034],0.0,False,True,0.7913236559075609,78,17.709159380834848,136.126,prepare,0.0
53,2.0,1.737903177459987,4.4770115602473215,-178.43605380624246,30.0,1.8284957828867556,[30.0, 1.8284957828867556],1.0,False,True,0.7905422774273863,78,17.709159380834848,136.198,in_progress,0.0
53,3.0,1.7298466255559704,4.4797603963569665,-179.37352096506612,-12.99243057943918,3.0,[-12.99243057943918, 3.0],1.0,False,True,0.8355019264633445,78,17.709159380834848,136.276,in_progress,0.0
53,4.0,1.7071901900195132,4.483092506051666,179.5424054830166,30.0,3.0,[30.0, 3.0],1.0,False,True,0.9627515833096623,78,17.709159380834848,136.333,in_progress,0.0
53,5.0,1.676850353495515,4.481558862530307,-179.98132840616026,0.3199843837302687,1.530434651838815,[0.3199843837302687, 1.530434651838815],1.0,False,True,1.133928837672904,78,17.709159380834848,136.398,in_progress,0.0
53,6.0,1.6343008623809472,4.475367403600226,-178.44405823441275,-1.9019222964414624,2.6388973246039615,[-1.9019222964414624, 2.6388973246039615],1.0,False,True,1.3754317662745819,78,17.709159380834848,136.464,in_progress,0.0
53,7.0,1.5772775243794284,4.4738087013374255,-178.48424409572343,30.0,3.0,[30.0, 3.0],1.0,False,True,1.6975204302055458,79,17.709159380834848,136.537,in_progress,0.0
53,8.0,1.5105127819362207,4.466168041820894,-177.10757848028953,-9.527003290154564,1.5339140006176377,[-9.527003290154564, 1.5339140006176377],1.0,False,True,2.076122593500773,79,17.709159380834848,136.603,in_progress,0.0
53,9.0,1.4322644171885173,4.452134688785985,-174.8744701777957,7.716858324898546,2.8229602581865185,[7.716858324898546, 2.8229602581865185],1.0,False,True,2.5224517078448194,80,17.709159380834848,136.666,in_progress,0.0
53,10.0,1.350113689570639,4.440100190868348,-173.79744635077878,22.360254247690804,2.753811309332979,[22.360254247690804, 2.753811309332979],1.0,False,True,3.0027108416219583,80,17.709159380834848,136.732,in_progress,0.0
53,11.0,1.255521375510313,4.411556597682365,-169.87536010790586,-23.37570658021738,1.6280699483958467,[-23.37570658021738, 1.6280699483958467],1.0,False,True,3.5604825229453962,81,17.709159380834848,136.801,in_progress,0.0
53,12.0,1.1518658438297038,4.377399308293713,-166.11139743300947,-5.5914871221698235,1.1312404015523443,[-5.5914871221698235, 1.1312404015523443],0.5,False,True,4.180403508868347,82,17.709159380834848,136.863,in_progress,0.0
53,13.0,1.055835564583539,4.36180617192055,-167.7724561649872,21.972271834295995,3.0,[21.972271834295995, 3.0],0.5,False,True,4.651916631573771,82,17.709159380834848,136.937,in_progress,0.0
53,14.0,0.9427339904298945,4.338306495961266,-167.8390703265187,-17.517015561276786,1.297627326737539,[-17.517015561276786, 1.297627326737539],0.5,False,True,5.230787555110272,83,17.709159380834848,137.001,in_progress,0.0
53,15.0,0.8440315834024431,4.312927138957522,-166.75388162512166,25.923312678164926,1.680973759611622,[25.923312678164926, 1.680973759611622],0.5,False,True,5.629224765285912,83,17.709159380834848,137.062,in_progress,0.0
53,16.0,0.7475960511459843,4.287011896215509,-166.05846617451317,17.621039710996904,1.0,[17.621039710996904, 1.0],0.5,False,True,6.104563215865211,84,17.709159380834848,137.134,in_progress,0.0
53,17.0,0.6457395982339076,4.242106997688837,-161.9600819620145,30.0,2.1417287944733054,[30.0, 2.1417287944733054],0.5,False,True,6.461380246906778,84,17.709159380834848,137.197,in_progress,0.0
53,18.0,0.56655624490915,4.196949207718324,-157.904642418554,3.925495955113952,1.3211619760555373,[3.925495955113952, 1.3211619760555373],0.5,False,True,6.922250900047866,85,17.709159380834848,137.267,in_progress,0.0
53,19.0,0.48554579667149644,4.142920262157608,-153.362717659511,9.72862337470417,3.0,[9.72862337470417, 3.0],0.5,False,False,7.073089194169779,85,17.709159380834848,137.335,in_progress,0.0
53,20.0,0.394958734041864,4.07889383200679,-149.86792028572754,12.442628299087339,3.0,[12.442628299087339, 3.0],0.5,False,False,7.607810722102892,86,17.709159380834848,137.396,in_progress,0.0
53,21.0,0.3074287930008402,4.006338313401821,-145.86509719615026,-11.472050181790532,3.0,[-11.472050181790532, 3.0],0.5,False,False,7.91084191012823,86,17.709159380834848,137.467,in_progress,0.0
53,22.0,0.19058216571957715,3.920076033599613,-144.734077175823,-16.03025111716567,1.3753084491831866,[-16.03025111716567, 1.3753084491831866],0.5,False,False,8.293568658490768,86,17.709159380834848,137.536,in_progress,0.0
53,23.0,0.09689238430246963,3.8683698094526413,-147.29103342429056,23.440961973016037,3.0,[23.440961973016037, 3.0],0.5,True,False,8.691093071621248,87,17.709159380834848,137.601,off_track,0.0
54,1.0,0.9302684929747362,4.196559966446385,-140.80916912170426,8.289616432153139,1.0,[8.289616432153139, 1.0],0.0,False,True,0.7858887908845591,84,17.709159380834848,137.734,prepare,0.0
54,2.0,0.9303516084952953,4.196605505087847,-140.8142530952793,30.0,1.1868865134961246,[30.0, 1.1868865134961246],1.0,False,True,0.7853823777318802,84,17.709159380834848,137.805,in_progress,0.0
54,3.0,0.9269412339572891,4.191198789578248,-140.42813942860022,13.766795218373844,1.8764897306731174,[13.766795218373844, 1.8764897306731174],1.0,False,True,0.820911661427759,84,17.709159380834848,137.867,in_progress,0.0
54,4.0,0.9184185937706908,4.173786322725598,-138.5778127697334,11.74029057723655,3.0,[11.74029057723655, 3.0],1.0,False,True,0.9259629290157223,84,17.709159380834848,137.935,in_progress,0.0
54,5.0,0.8996397663670526,4.145288754797243,-136.44113928330438,18.780255484434456,2.6790146762579337,[18.780255484434456, 2.6790146762579337],1.0,False,True,1.116290123271535,84,17.709159380834848,138.001,in_progress,0.0
54,6.0,0.8761567131787825,4.097775390131055,-132.23318308823625,-16.23401414386347,2.4536099431188494,[-16.23401414386347, 2.4536099431188494],1.0,False,True,1.4132665565972813,84,17.709159380834848,138.083,in_progress,0.0
54,7.0,0.8367592534687124,4.039284264759093,-129.99426728666768,12.705257257318003,3.0,[12.705257257318003, 3.0],1.0,False,True,1.811489969096558,85,17.709159380834848,138.13,in_progress,0.0
54,8.0,0.7986997561167949,3.9903547901436616,-129.3715770785023,-30.0,1.8642914053065234,[-30.0, 1.8642914053065234],0.5,False,True,2.162897542590403,85,17.709159380834848,138.204,in_progress,0.0
54,9.0,0.7501949340699837,3.9296008442691,-129.06774939732776,-10.73021803378747,2.087335602274254,[-10.73021803378747, 2.087335602274254],0.5,False,True,2.586440168869475,86,17.709159380834848,138.269,in_progress,0.0
54,10.0,0.6825216248767247,3.868508087862203,-132.13040618505812,20.56945503646883,1.0,[20.56945503646883, 1.0],0.5,False,True,2.989057706220166,86,17.709159380834848,138.329,in_progress,0.0
54,11.0,0.600548201435797,3.7971055533718028,-135.0317721578675,-29.11269430170783,2.9702732245681265,[-29.11269430170783, 2.9702732245681265],0.5,False,True,3.481243614291729,87,17.709159380834848,138.4,in_progress,0.0
54,12.0,0.5475628761374285,3.7443354830725624,-135.27404883970712,2.4915057777815193,3.0,[2.4915057777815193, 3.0],0.5,False,True,3.7502800887224685,87,17.709159380834848,138.467,in_progress,0.0
54,13.0,0.468640796375816,3.666838831514583,-135.24234506669356,30.0,2.4530431749495984,[30.0, 2.4530431749495984],0.5,False,True,4.134356276408169,87,17.709159380834848,138.533,in_progress,0.0
54,14.0,0.4018169716872012,3.5768003869834004,-131.6374210212456,30.0,1.7916592032646148,[30.0, 1.7916592032646148],0.5,False,True,4.602514065975982,88,17.709159380834848,138.603,in_progress,0.0
54,15.0,0.34188644416630126,3.46662695713745,-125.71132170587141,-30.0,1.4993585531950833,[-30.0, 1.4993585531950833],0.5,False,False,5.095790565849434,89,17.709159380834848,138.648,in_progress,0.0
54,16.0,0.27409978316299455,3.3417132413209965,-121.39913314242037,27.0234120894078,1.615870337209605,[27.0234120894078, 1.615870337209605],0.5,False,False,5.544252576387699,89,17.709159380834848,138.733,in_progress,0.0
54,17.0,0.22828704296658467,3.2630875740912684,-120.88533377569311,-29.49725993758741,1.3891450790183588,[-29.49725993758741, 1.3891450790183588],0.5,False,False,5.946132096971191,90,17.709159380834848,138.787,in_progress,0.0
54,18.0,0.16686475743808188,3.1486974927848834,-119.4758904361063,-30.0,3.0,[-30.0, 3.0],0.5,True,False,6.290979045569101,90,17.709159380834848,138.864,off_track,0.0
55,1.0,0.7179925016657045,3.362632655033985,-87.0602732303415,-21.042742336183405,1.9111858301495055,[-21.042742336183405, 1.9111858301495055],0.0,False,True,0.7900509223761176,89,17.709159380834848,138.996,prepare,0.0
55,2.0,0.7180821909870871,3.362825209256963,-87.04823796134707,24.86552610565777,2.27772211635265,[24.86552610565777, 2.27772211635265],1.0,False,True,0.7890483310219576,89,17.709159380834848,139.067,in_progress,0.0
55,3.0,0.7178937676439586,3.354342547116073,-87.3615916863325,30.0,3.0,[30.0, 3.0],1.0,False,True,0.8362901689779934,89,17.709159380834848,139.13,in_progress,0.0
55,4.0,0.7296234187936436,3.323477110666423,-84.95172780064779,30.0,1.1433568168739223,[30.0, 1.1433568168739223],1.0,False,True,1.0183305667210485,90,17.709159380834848,139.199,in_progress,0.0
55,5.0,0.7440195596779469,3.2963687239096227,-82.09518716961243,14.528535855520424,2.897599078528069,[14.528535855520424, 2.897599078528069],1.0,False,True,1.1815575875294582,90,17.709159380834848,139.27,in_progress,0.0
55,6.0,0.7666626348461304,3.2459649736599347,-78.59903981666602,24.506089842669148,2.1937877575297184,[24.506089842669148, 2.1937877575297184],1.0,False,True,1.49426277181256,90,17.709159380834848,139.334,in_progress,0.0
55,7.0,0.7962980611840405,3.1939826797434137,-74.32023424931538,-30.0,1.6242028658759593,[-30.0, 1.6242028658759593],1.0,False,True,1.8190248383050833,91,17.709159380834848,139.403,in_progress,0.0
55,8.0,0.8334781430714526,3.119481757772971,-70.75362519660733,30.0,2.5726267264685543,[30.0, 2.5726267264685543],1.0,False,True,2.288790476640723,91,17.709159380834848,139.465,in_progress,0.0
55,9.0,0.8585370087336928,3.0525106700024587,-70.02545538012328,-30.0,3.0,[-30.0, 3.0],1.0,False,True,2.6911436604759698,92,17.709159380834848,139.536,in_progress,0.0
55,10.0,0.8929960270674425,2.962560692808849,-69.90101942242693,3.0890660023286287,3.0,[3.0890660023286287, 3.0],1.0,False,True,3.2211367739947594,92,17.709159380834848,139.604,in_progress,0.0
55,11.0,0.9225285252274724,2.855397318155974,-71.71820670084338,-30.0,2.7482562538271815,[-30.0, 2.7482562538271815],1.0,False,True,3.8410429966745485,93,17.709159380834848,139.668,in_progress,0.0
55,12.0,0.9501406427407537,2.728637836969505,-74.5687778940516,-30.0,2.3698620913023416,[-30.0, 2.3698620913023416],1.0,False,True,4.568951546750277,94,17.709159380834848,139.733,in_progress,0.0
55,13.0,0.9573522372190556,2.605658519861815,-79.88452712674417,29.868865344725783,1.7859086538290636,[29.868865344725783, 1.7859086538290636],1.0,False,True,5.252065236889569,95,17.709159380834848,139.804,in_progress,0.0
55,14.0,0.956749348604723,2.469854677469828,-85.82388552503829,-30.0,1.8230029746440284,[-30.0, 1.8230029746440284],1.0,False,True,6.002359925888379,96,17.709159380834848,139.867,in_progress,0.0
55,15.0,0.9604789088560423,2.341696603476667,-87.31837709572319,17.589588016892613,2.512458466566386,[17.589588016892613, 2.512458466566386],1.0,False,True,6.715257538621966,96,17.709159380834848,139.935,in_progress,0.0
55,16.0,0.9644428589692399,2.2099400484184675,-87.55260723776716,0.9866425520885826,2.00106475678347,[0.9866425520885826, 2.00106475678347],1.0,False,True,7.448327420213275,97,17.709159380834848,140.0,in_progress,0.0
55,17.0,0.9758927371363324,2.069420068635485,-86.42162358273725,5.312362883480475,1.0,[5.312362883480475, 1.0],1.0,False,True,8.238422556367663,98,17.709159380834848,140.066,in_progress,0.0
55,18.0,0.9850931070216955,1.9432735164486536,-86.13198729282722,-6.760116438394942,1.0,[-6.760116438394942, 1.0],1.0,False,True,8.946553865585937,99,17.709159380834848,140.132,in_progress,0.0
55,19.0,0.9900945124631689,1.8266429352290845,-86.67994750997717,-29.157579943990623,3.0,[-29.157579943990623, 3.0],1.0,False,True,9.597202915067482,100,17.709159380834848,140.199,in_progress,0.0
55,20.0,0.9857085494629921,1.7201924644999722,-89.19075469596798,-30.0,1.709173509020999,[-30.0, 1.709173509020999],0.5,False,True,10.180532624671358,100,17.709159380834848,140.261,in_progress,0.0
55,21.0,0.9627724377344323,1.5946550308658904,-94.19557103186453,5.948689288510337,2.836283828307236,[5.948689288510337, 2.836283828307236],0.5,False,True,10.84634727089886,101,17.709159380834848,140.337,in_progress,0.0
55,22.0,0.94124596549791,1.463137370001049,-96.42453684120136,-4.655734379885356,1.9186469041084466,[-4.655734379885356, 1.9186469041084466],0.5,False,True,11.541146423610481,102,17.709159380834848,140.398,in_progress,0.0
55,23.0,0.9252548758758268,1.3382101493370413,-96.84227331841797,-20.520841881511615,1.6904557824952295,[-20.520841881511615, 1.6904557824952295],0.5,False,True,12.211433731877918,103,17.709159380834848,140.468,in_progress,0.0
55,24.0,0.9021979706441635,1.1964587035614025,-98.00254359437832,-18.578112728895597,1.8350843116477922,[-18.578112728895597, 1.8350843116477922],0.5,False,True,12.853055738219199,104,17.709159380834848,140.537,in_progress,0.0
55,25.0,0.8748819159873398,1.0784356055992481,-100.17656543147187,30.0,3.0,[30.0, 3.0],0.5,False,False,13.271205464878665,104,17.709159380834848,140.596,in_progress,0.0
55,26.0,0.8481828911148627,0.9460498406798828,-100.47402368787341,-30.0,1.8718833314035224,[-30.0, 1.8718833314035224],0.5,False,False,13.912878112373972,105,17.709159380834848,140.664,in_progress,0.0
55,27.0,0.8323172561709173,0.8047667800830743,-98.50934825724266,26.693373891665914,1.7567633536947564,[26.693373891665914, 1.7567633536947564],0.5,False,False,13.994138964803648,105,17.709159380834848,140.735,in_progress,0.0
55,28.0,0.8119014793351722,0.6754777757994114,-98.66696767337385,-30.0,2.0987046991338523,[-30.0, 2.0987046991338523],0.5,True,False,14.447824921754249,106,17.709159380834848,140.809,off_track,0.0
56,1.0,0.9213118310649319,2.500640302955364,-78.2523105372188,23.48009752018161,2.244396525279156,[23.48009752018161, 2.244396525279156],0.0,False,True,0.7915300149949789,95,17.709159380834848,140.942,prepare,0.0
56,2.0,0.9213353965285798,2.5005715955681818,-78.25203401442141,28.283139535550667,1.7203153387709265,[28.283139535550667, 1.7203153387709265],1.0,False,True,0.7919369224098083,95,17.709159380834848,141.0,in_progress,0.0
56,3.0,0.9239723784448319,2.491296836829266,-78.19091385399842,1.6803090795890654,1.0,[1.6803090795890654, 1.0],1.0,False,True,0.8462415822989122,95,17.709159380834848,141.067,in_progress,0.0
56,4.0,0.9324157181041519,2.4717098341803054,-77.17379731914264,-30.0,1.7578051346598949,[-30.0, 1.7578051346598949],1.0,False,True,0.9642191550841228,96,17.709159380834848,141.13,in_progress,0.0
56,5.0,0.9373383369023787,2.4334598221206853,-78.10583130063945,20.994374777370282,1.0,[20.994374777370282, 1.0],1.0,False,True,1.1813560678197166,96,17.709159380834848,141.202,in_progress,0.0
56,6.0,0.9360806588270282,2.389024535734385,-80.5949980859505,-10.029037499587904,1.6275648928724264,[-10.029037499587904, 1.6275648928724264],1.0,False,True,1.4256141031664726,96,17.709159380834848,141.259,in_progress,0.0
56,7.0,0.9378618266149561,2.3135864594005238,-83.06645216853133,-27.82651567893522,1.5305553175188702,[-27.82651567893522, 1.5305553175188702],1.0,False,True,1.8447800858606866,97,17.709159380834848,141.337,in_progress,0.0
56,8.0,0.9349026791952876,2.2675758550044356,-85.0682499376125,30.0,1.0,[30.0, 1.0],1.0,False,True,2.0958002065219694,97,17.709159380834848,141.404,in_progress,0.0
56,9.0,0.9356073430130656,2.197306709970263,-86.61503114062837,3.098367563026052,2.79067328812369,[3.098367563026052, 2.79067328812369],1.0,False,True,2.485144367309511,97,17.709159380834848,141.472,in_progress,0.0
56,10.0,0.9522230554003026,2.1118440045156683,-84.19009165397009,30.0,2.4414016724053114,[30.0, 2.4414016724053114],1.0,False,True,2.976733868473025,98,17.709159380834848,141.535,in_progress,0.0
56,11.0,0.983942997072714,2.0235306099712744,-79.25382005324396,30.0,3.0,[30.0, 3.0],1.0,False,True,3.5013841604283114,99,17.709159380834848,141.599,in_progress,0.0
56,12.0,1.044767813059534,1.9204016110496154,-70.61513755266611,-13.906619436887766,2.9214416439552493,[-13.906619436887766, 2.9214416439552493],1.0,False,True,4.141309320188469,99,17.709159380834848,141.668,in_progress,0.0
56,13.0,1.1065192559160373,1.8216404967538478,-64.50444657790578,-30.0,2.428781561925365,[-30.0, 2.428781561925365],0.5,False,True,4.758081797261959,100,17.709159380834848,141.733,in_progress,0.0
56,14.0,1.1552588895023495,1.7072593564060754,-64.74251955198109,-2.4001298327670497,1.0,[-2.4001298327670497, 1.0],0.5,False,True,5.446543630342271,101,17.709159380834848,141.803,in_progress,0.0
56,15.0,1.1977366396078273,1.5902200174864205,-66.9630978448506,8.529465971183932,1.0904278321701106,[8.529465971183932, 1.0904278321701106],0.5,False,True,6.1435727267038605,102,17.709159380834848,141.873,in_progress,0.0
56,16.0,1.2470107876535752,1.4748960841593521,-66.82506882297463,30.0,2.0009920604416727,[30.0, 2.0009920604416727],0.5,False,True,6.842101044874682,102,17.709159380834848,141.934,in_progress,0.0
56,17.0,1.2936430045667437,1.3961800473790278,-64.27057189003685,16.988123976692528,1.7617925729673922,[16.988123976692528, 1.7617925729673922],1.0,False,True,7.38627870982731,103,17.709159380834848,141.998,in_progress,0.0
56,18.0,1.361345531423766,1.3070321887352845,-59.63873084178565,28.489179723094644,3.0,[28.489179723094644, 3.0],0.5,False,True,7.97630676958102,104,17.709159380834848,142.073,in_progress,0.0
56,19.0,1.4465622045871187,1.2168517635280864,-53.687718946363006,-30.0,1.0,[-30.0, 1.0],0.5,False,True,8.716044756726282,105,17.709159380834848,142.134,in_progress,0.0
56,20.0,1.527644587932186,1.141868471242622,-47.79876187591132,30.0,1.7403050406533835,[30.0, 1.7403050406533835],1.0,False,True,9.648522981537067,106,17.709159380834848,142.201,in_progress,0.0
56,21.0,1.6106251387106352,1.0683165031629889,-44.719136487155495,30.0,3.0,[30.0, 3.0],0.5,False,True,10.973086741825277,107,17.709159380834848,142.263,in_progress,0.0
56,22.0,1.719096892325798,0.9987726458947851,-39.04666817210116,26.830112558247713,3.0,[26.830112558247713, 3.0],0.5,False,True,11.929217876197162,108,17.709159380834848,142.334,in_progress,0.0
56,23.0,1.8374769953604146,0.9417375178512652,-32.741447561210194,30.0,2.1602858180454065,[30.0, 2.1602858180454065],0.5,False,True,12.815745327013783,110,17.709159380834848,142.39,in_progress,0.0
56,24.0,1.9598404753580252,0.8971704652082912,-26.680175346224544,7.829163398225653,2.6950324482356898,[7.829163398225653, 2.6950324482356898],0.5,False,True,13.61820216539823,110,17.709159380834848,142.467,in_progress,0.0
56,25.0,2.1082877965845097,0.8559035174869729,-20.749789250046316,-21.8285690638121,2.914723943221906,[-21.8285690638121, 2.914723943221906],0.5,False,True,14.543660557176597,112,17.709159380834848,142.534,in_progress,0.0
56,26.0,2.253405944553883,0.812955830678271,-18.4786249605597,4.689202558305972,2.3931262672310796,[4.689202558305972, 2.3931262672310796],0.5,False,True,15.430379255717286,113,17.709159380834848,142.597,in_progress,0.0
56,27.0,2.430075482307413,0.7479923083506301,-19.54916850709051,1.786778426096383,1.8896881733357724,[1.786778426096383, 1.8896881733357724],0.5,False,True,16.45827631628486,114,17.709159380834848,142.667,in_progress,0.0
56,28.0,2.5541079337585195,0.6973004953886197,-20.855894433966636,-10.05501960128322,1.0,[-10.05501960128322, 1.0],0.5,False,True,17.147808446920433,115,17.709159380834848,142.732,in_progress,0.0
56,29.0,2.687451823005509,0.6325357496142652,-23.467002259964133,3.344333857279935,2.0629809081211574,[3.344333857279935, 2.0629809081211574],0.5,False,True,17.893358260326742,116,17.709159380834848,142.801,in_progress,0.0
56,30.0,2.7939538008221487,0.5723470933481667,-26.102477876233632,-29.198248675069205,1.829495643668304,[-29.198248675069205, 1.829495643668304],0.5,False,True,18.499306894637346,116,17.709159380834848,142.866,in_progress,0.0
56,31.0,2.9084844333076587,0.5035083802872389,-28.44801559116479,-3.3938288650749726,3.0,[-3.3938288650749726, 3.0],0.5,False,True,19.146109953297618,117,17.709159380834848,142.928,in_progress,0.0
56,32.0,3.02513861452632,0.4193244393594624,-32.15136036251381,-30.0,2.8965292552635766,[-30.0, 2.8965292552635766],0.5,False,True,19.809985006312093,118,17.709159380834848,143.003,in_progress,0.0
56,33.0,3.144171598749865,0.309691076264586,-38.094261366815765,-2.2029703697159704,3.0,[-2.2029703697159704, 3.0],0.5,False,False,20.47006577464869,1,17.709159380834848,143.066,in_progress,0.0
56,34.0,3.2494150646873643,0.19751771162878579,-43.64964472890151,20.807976766289116,2.568632867478711,[20.807976766289116, 2.568632867478711],0.5,False,False,21.06689778832549,1,17.709159380834848,143.132,in_progress,0.0
56,35.0,3.3680745953628266,0.07891230513183943,-46.026432373653705,0.8412525852553934,1.0351942062414565,[0.8412525852553934, 1.0351942062414565],0.5,True,False,21.740278999933224,2,17.709159380834848,143.197,off_track,0.0
57,1.0,1.100774300725254,1.6335084881487252,-78.30588884793194,-4.756939617871872,1.0,[-4.756939617871872, 1.0],0.0,False,True,0.7918094391311303,101,17.709159380834848,143.33,prepare,0.0
57,2.0,1.100875049211882,1.6337574039001486,-78.27851755465018,1.381964301911136,3.0,[1.381964301911136, 3.0],1.0,False,True,0.7905508113053128,101,17.709159380834848,143.398,in_progress,0.0
57,3.0,1.1012049291926613,1.6232074378446206,-78.61566562938658,21.751444740166747,2.0101601028564158,[21.751444740166747, 2.0101601028564158],1.0,False,True,0.8492351555086097,101,17.709159380834848,143.466,in_progress,0.0
57,4.0,1.1084397486695725,1.6037180682223542,-77.89695432110324,10.852947721761481,2.7843697295768957,[10.852947721761481, 2.7843697295768957],1.0,False,True,0.965335010473034,101,17.709159380834848,143.533,in_progress,0.0
57,5.0,1.1265261760569178,1.5677657709638955,-75.50283304789019,30.0,1.0,[30.0, 1.0],1.0,False,True,1.1850078364915917,102,17.709159380834848,143.598,in_progress,0.0
57,6.0,1.1515899303326962,1.5266523924181952,-72.35983468699627,30.0,1.9712482258577566,[30.0, 1.9712482258577566],1.0,False,True,1.4413003411707037,102,17.709159380834848,143.666,in_progress,0.0
57,7.0,1.1843500898087012,1.4918823000768668,-67.4378814149032,30.0,1.1413137686142005,[30.0, 1.1413137686142005],0.5,False,True,1.673388099383799,102,17.709159380834848,143.734,in_progress,0.0
57,8.0,1.2394063862052682,1.4516021205879464,-59.39862928898931,30.0,1.8731742869400199,[30.0, 1.8731742869400199],0.5,False,True,1.961551964416075,103,17.709159380834848,143.803,in_progress,0.0
57,9.0,1.3150216728885011,1.410057208211708,-49.51717248408708,-9.822446975677003,1.2166174220381216,[-9.822446975677003, 1.2166174220381216],0.5,False,True,2.3446829412469894,103,17.709159380834848,143.868,in_progress,0.0
57,10.0,1.3896660382119348,1.367303935450066,-42.59745718746211,-30.0,1.0694536151480047,[-30.0, 1.0694536151480047],0.5,False,True,2.6940480354577523,103,17.709159380834848,143.935,in_progress,0.0
57,11.0,1.449162303276805,1.3173896590031016,-41.69425956225726,-13.460228458053358,3.0,[-13.460228458053358, 3.0],0.5,False,True,3.0583973502209427,104,17.709159380834848,143.998,in_progress,0.0
57,12.0,1.5120287277099165,1.2550243545370572,-42.77248439450047,22.14129500437344,2.1593857283811837,[22.14129500437344, 2.1593857283811837],0.5,False,True,3.6495556601260026,105,17.709159380834848,144.065,in_progress,0.0
57,13.0,1.6096762674887257,1.162729169046502,-42.90279351536548,-30.0,2.6804182336595557,[-30.0, 2.6804182336595557],1.0,False,False,5.039660882346675,106,17.709159380834848,144.127,in_progress,0.0
57,14.0,1.6626407674090211,1.117883592343214,-42.43393140334148,12.241026630290612,2.452310008626806,[12.241026630290612, 2.452310008626806],0.5,False,False,6.102038478196592,107,17.709159380834848,144.202,in_progress,0.0
57,15.0,1.740711633632261,1.0436912844909512,-42.79432796327441,-19.60900973386036,1.0,[-19.60900973386036, 1.0],0.5,False,False,6.964112464316208,109,17.709159380834848,144.265,in_progress,0.0
57,16.0,1.8318920953651916,0.9622416424729013,-42.3292873215555,7.727238712810561,2.271196712505539,[7.727238712810561, 2.271196712505539],0.5,False,False,7.761021027468473,109,17.709159380834848,144.334,in_progress,0.0
57,17.0,1.9054560900515192,0.8898903001592615,-43.01236846151545,-29.861129691707536,3.0,[-29.861129691707536, 3.0],0.5,False,True,8.320090539976032,110,17.709159380834848,144.403,in_progress,0.0
57,18.0,1.993781058884537,0.7986310272152852,-44.549211893185436,13.090069645307757,2.3761451560053213,[13.090069645307757, 2.3761451560053213],0.5,False,True,8.887154717454226,111,17.709159380834848,144.472,in_progress,0.0
57,19.0,2.0861002548606513,0.69579520726004,-46.111624149895846,-30.0,2.86571208077982,[-30.0, 2.86571208077982],0.5,False,True,9.492173452905206,111,17.709159380834848,144.533,in_progress,0.0
57,20.0,2.168897102865411,0.605008001776937,-46.95945645026204,22.76435229760611,1.5453021947616419,[22.76435229760611, 1.5453021947616419],0.5,False,True,9.975891314652795,112,17.709159380834848,144.601,in_progress,0.0
57,21.0,2.2534199610403887,0.49612876838842823,-49.67655166118176,-17.66089568731907,1.0,[-17.66089568731907, 1.0],0.5,False,True,10.464933540033227,113,17.709159380834848,144.673,in_progress,0.0
57,22.0,2.3347634372782116,0.40147171008103444,-49.50747598940315,-9.604980421431002,2.758868613610705,[-9.604980421431002, 2.758868613610705],0.5,False,True,10.851671411604858,113,17.709159380834848,144.734,in_progress,0.0
57,23.0,2.407636405763608,0.30119823484322417,-51.562329955402035,26.83651679538984,2.3648455707076037,[26.83651679538984, 2.3648455707076037],0.5,False,True,11.243027852193155,114,17.709159380834848,144.814,in_progress,0.0
57,24.0,2.5089397212236917,0.16797946336217168,-52.02228266075934,25.46442182065347,1.941703853320169,[25.46442182065347, 1.941703853320169],0.5,False,False,11.798672084522321,114,17.709159380834848,144.869,in_progress,0.0
57,25.0,2.573732839666309,0.09878764584451254,-50.22310113436676,-30.0,1.0,[-30.0, 1.0],0.5,False,False,12.152049180861313,115,17.709159380834848,144.939,in_progress,0.0
57,26.0,2.6764536280959947,-0.0010865840936345739,-46.440790731492136,30.0,2.5753762380678227,[30.0, 2.5753762380678227],0.5,True,False,12.775151735879387,115,17.709159380834848,145.0,off_track,0.0
58,1.0,1.453073335828535,0.8417100711970581,-47.896760431768705,-2.818413277436836,2.9305441201004676,[-2.818413277436836, 2.9305441201004676],0.0,False,True,0.7842212684374905,107,17.709159380834848,145.131,prepare,0.0
58,2.0,1.4530921273762645,0.8417597552563276,-47.878297569840605,-30.0,1.8155357050634249,[-30.0, 1.8155357050634249],0.5,False,True,0.7841840307508896,107,17.709159380834848,145.2,in_progress,0.0
58,3.0,1.4571538226062417,0.8351205112968954,-48.12445966027232,10.893325139136223,1.8081484981287217,[10.893325139136223, 1.8081484981287217],0.5,False,True,0.8219766667457273,107,17.709159380834848,145.267,in_progress,0.0
58,4.0,1.4771889032989192,0.8148541867249909,-47.80245443737226,-30.0,2.892844869995148,[-30.0, 2.892844869995148],0.5,False,True,0.9754674953589504,107,17.709159380834848,145.34,in_progress,0.0
58,5.0,1.5020107565251768,0.782603709483422,-48.82798951073304,29.266820689216942,2.058933087591906,[29.266820689216942, 2.058933087591906],0.5,False,True,1.1844702777561444,108,17.709159380834848,145.402,in_progress,0.0
58,6.0,1.5208643082623567,0.74925398274436,-50.79529410344305,-11.07956237904704,2.2810081053110736,[-11.07956237904704, 2.2810081053110736],0.5,False,True,1.3665742560483696,108,17.709159380834848,145.47,in_progress,0.0
58,7.0,1.5519599706710188,0.7041132446453376,-51.93406101443285,-26.344699498676245,1.0,[-26.344699498676245, 1.0],0.5,False,True,1.5646391027641537,108,17.709159380834848,145.523,in_progress,0.0
58,8.0,1.578341622163524,0.6401955431198908,-56.120104434421656,9.048997255014093,2.773400990182881,[9.048997255014093, 2.773400990182881],0.5,False,True,1.8208269003272881,108,17.709159380834848,145.593,in_progress,0.0
58,9.0,1.601685314294067,0.5805179056658112,-59.304381412417385,5.881844262323575,2.0053622370384963,[5.881844262323575, 2.0053622370384963],0.5,False,True,2.0531265196863435,109,17.709159380834848,145.665,in_progress,0.0
58,10.0,1.6482004291987469,0.5091853838559552,-58.51542067877473,-30.0,3.0,[-30.0, 3.0],0.5,False,True,2.3716722616286434,109,17.709159380834848,145.736,in_progress,0.0
58,11.0,1.7015745100403554,0.42157955177563394,-58.710956438645255,30.0,2.2700968371742825,[30.0, 2.2700968371742825],0.5,False,True,2.670220300912607,109,17.709159380834848,145.803,in_progress,0.0
58,12.0,1.7510578133524506,0.33405916429015786,-59.458062398892096,30.0,2.1530077216992787,[30.0, 2.1530077216992787],0.5,False,False,3.045507200199382,110,17.709159380834848,145.865,in_progress,0.0
58,13.0,1.8270606635964683,0.24308021183473855,-55.42234920167588,17.029433459409063,1.4691521046248814,[17.029433459409063, 1.4691521046248814],0.5,False,False,3.4021211953169983,110,17.709159380834848,145.932,in_progress,0.0
58,14.0,1.9102727910038981,0.1621380121160646,-50.72089248004795,30.0,3.0,[30.0, 3.0],0.5,False,False,3.932310972426223,111,17.709159380834848,146.002,in_progress,0.0
58,15.0,2.033935434266047,0.07114759101153378,-43.00216691815501,30.0,2.5128794105538104,[30.0, 2.5128794105538104],0.5,True,False,4.484897699279921,111,17.709159380834848,146.066,off_track,0.0
59,1.0,2.314587274373144,0.6708383545192382,-1.1116728921677022,-30.0,1.8322891842255766,[-30.0, 1.8322891842255766],0.0,False,True,0.7912376154035283,113,17.709159380834848,146.201,prepare,0.0
59,2.0,2.314461313881166,0.6707960759928493,-1.1041583585924633,21.022293003298444,1.0,[21.022293003298444, 1.0],1.0,False,True,0.7905183955890571,113,17.709159380834848,146.269,in_progress,0.0
59,3.0,2.3216377740601293,0.6719014119213482,-0.8882860661882964,10.281936178314162,2.335665167220818,[10.281936178314162, 2.335665167220818],1.0,False,True,0.8312366262298254,113,17.709159380834848,146.33,in_progress,0.0
59,4.0,2.3453881071573686,0.6793534812488339,1.0311575642495927,21.03973853688582,1.0,[21.03973853688582, 1.0],1.0,False,True,0.9667451965549412,113,17.709159380834848,146.398,in_progress,0.0
59,5.0,2.3841199256096064,0.6943143993915871,4.279430006039465,7.459663021852016,1.328058780037031,[7.459663021852016, 1.328058780037031],1.0,False,True,1.1882882639348002,113,17.709159380834848,146.465,in_progress,0.0
59,6.0,2.4354440103355244,0.7145077238292972,8.020889172309667,3.5380188584680567,3.0,[3.5380188584680567, 3.0],1.0,False,True,1.4819312091564618,114,17.709159380834848,146.532,in_progress,0.0
59,7.0,2.502414390599354,0.7356318700375737,10.587585881788323,8.82656873456802,1.6955425406312004,[8.82656873456802, 1.6955425406312004],1.0,False,True,1.8628727459378491,114,17.709159380834848,146.599,in_progress,0.0
59,8.0,2.5838964376483564,0.7708839850542331,14.851589865797354,30.0,1.0,[30.0, 1.0],0.5,False,True,2.3290306951142425,115,17.709159380834848,146.664,in_progress,0.0
59,9.0,2.663294110488496,0.8122409743447386,19.106359532619567,26.38147139792258,3.0,[26.38147139792258, 3.0],0.5,False,True,2.7728749384844265,115,17.709159380834848,146.731,in_progress,0.0
59,10.0,2.736820707611243,0.8580422087355309,23.42498270917146,23.422893134303465,1.0,[23.422893134303465, 1.0],0.5,False,True,3.192069402316433,116,17.709159380834848,146.801,in_progress,0.0
59,11.0,2.812800081631925,0.9226713874639811,30.331676752555175,10.510827076626867,2.671391842944654,[10.510827076626867, 2.671391842944654],0.5,False,True,3.6053614742246998,116,17.709159380834848,146.865,in_progress,0.0
59,12.0,2.8675090680208988,0.9842334948925768,36.390975182188626,-30.0,3.0,[-30.0, 3.0],0.5,False,True,3.9142275159183337,117,17.709159380834848,146.931,in_progress,0.0
59,13.0,2.936164742880535,1.0579501387146237,40.60866626038009,-26.068663559714246,3.0,[-26.068663559714246, 3.0],0.5,False,False,4.294634950845044,117,17.709159380834848,147.002,in_progress,0.0
59,14.0,3.0244171561424444,1.1235240579189416,39.49295525422508,30.0,1.0,[30.0, 1.0],0.5,False,False,4.791646798192051,118,17.709159380834848,147.065,in_progress,0.0
59,15.0,3.1226736132126107,1.184966450322163,35.818983816856395,-30.0,1.9258079075637229,[-30.0, 1.9258079075637229],0.5,False,False,5.36448069804743,0,17.709159380834848,147.133,in_progress,0.0
59,16.0,3.217556352225746,1.23857691536765,33.00287412365223,17.00613368780362,3.0,[17.00613368780362, 3.0],0.5,False,False,5.896000576054931,1,17.709159380834848,147.202,in_progress,0.0
59,17.0,3.329217662933587,1.2991399486313757,30.905236580362228,30.0,1.8151869411009922,[30.0, 1.8151869411009922],0.5,True,False,6.527052112526519,2,17.709159380834848,147.27,off_track,0.0
